client_id;room_id;agency_id;prcie;check_in_date;check_out_date
1;1;1;250;2022-12-12;2022-12-17
2;2;2;375;2022-12-13;2022-12-18
3;3;3;375;2022-12-14;2022-12-19
4;4;4;625;2022-12-15;2022-12-20
5;5;5;625;2022-12-16;2022-12-21
6;6;4;375;2022-12-17;2022-12-22
7;7;3;375;2022-12-18;2022-12-23
8;8;2;250;2022-12-19;2022-12-24
9;9;1;250;2022-12-20;2022-12-25
10;10;2;375;2022-12-21;2022-12-26
11;11;3;375;2022-12-22;2022-12-27
12;12;4;625;2022-12-23;2022-12-28
13;13;5;625;2022-12-24;2022-12-29
14;14;4;375;2022-12-25;2022-12-30
15;15;3;375;2022-12-26;2022-12-31
16;16;2;250;2022-12-27;2023-01-01
17;17;1;250;2022-12-28;2023-01-02
18;18;2;375;2022-12-29;2023-01-03
19;19;3;375;2022-12-30;2023-01-04
20;20;4;625;2022-12-31;2023-01-05
21;21;5;625;2023-01-01;2023-01-06
22;22;4;375;2023-01-02;2023-01-07
23;23;3;375;2023-01-03;2023-01-08
24;24;2;250;2023-01-04;2023-01-09
25;25;1;250;2023-01-05;2023-01-10
26;26;2;375;2023-01-06;2023-01-11
27;27;3;375;2023-01-07;2023-01-12
28;28;4;625;2023-01-08;2023-01-13
29;29;5;625;2023-01-09;2023-01-14
30;30;4;375;2023-01-10;2023-01-15
31;31;3;375;2023-01-11;2023-01-16
32;32;2;250;2023-01-12;2023-01-17
33;33;1;250;2023-01-13;2023-01-18
34;34;2;375;2023-01-14;2023-01-19
35;35;3;375;2023-01-15;2023-01-20
36;36;4;625;2023-01-16;2023-01-21
37;37;5;625;2023-01-17;2023-01-22
38;38;4;375;2023-01-18;2023-01-23
39;39;3;375;2023-01-19;2023-01-24
40;40;2;250;2023-01-20;2023-01-25
41;41;1;250;2023-01-21;2023-01-26
42;42;2;375;2023-01-22;2023-01-27
43;43;3;375;2023-01-23;2023-01-28
44;44;4;625;2023-01-24;2023-01-29
45;45;5;625;2023-01-25;2023-01-30
46;46;4;375;2023-01-26;2023-01-31
47;47;3;375;2023-01-27;2023-02-01
48;48;2;250;2023-01-28;2023-02-02
49;49;1;250;2023-01-29;2023-02-03
50;50;2;375;2023-01-30;2023-02-04
51;51;3;375;2023-01-31;2023-02-05
52;52;4;625;2023-02-01;2023-02-06
53;53;5;625;2023-02-02;2023-02-07
54;54;4;375;2023-02-03;2023-02-08
55;55;3;375;2023-02-04;2023-02-09
56;56;2;250;2023-02-05;2023-02-10
57;57;1;250;2023-02-06;2023-02-11
58;58;2;375;2023-02-07;2023-02-12
59;59;3;375;2023-02-08;2023-02-13
60;60;4;625;2023-02-09;2023-02-14
61;61;5;625;2023-02-10;2023-02-15
62;62;4;375;2023-02-11;2023-02-16
63;63;3;375;2023-02-12;2023-02-17
64;64;2;250;2023-02-13;2023-02-18
65;65;1;250;2023-02-14;2023-02-19
66;66;2;375;2023-02-15;2023-02-20
67;67;3;375;2023-02-16;2023-02-21
68;68;4;625;2023-02-17;2023-02-22
69;69;5;625;2023-02-18;2023-02-23
70;70;4;375;2023-02-19;2023-02-24
71;71;3;375;2023-02-20;2023-02-25
72;72;2;250;2023-02-21;2023-02-26
73;73;1;250;2023-02-22;2023-02-27
74;74;2;375;2023-02-23;2023-02-28
75;75;3;375;2023-02-24;2023-03-01
76;76;4;625;2023-02-25;2023-03-02
77;77;5;625;2023-02-26;2023-03-03
78;78;4;375;2023-02-27;2023-03-04
79;79;3;375;2023-02-28;2023-03-05
80;80;2;250;2023-03-01;2023-03-06
81;81;1;250;2023-03-02;2023-03-07
82;82;2;375;2023-03-03;2023-03-08
83;83;3;375;2023-03-04;2023-03-09
84;84;4;625;2023-03-05;2023-03-10
85;85;5;625;2023-03-06;2023-03-11
86;86;4;375;2023-03-07;2023-03-12
87;87;3;375;2023-03-08;2023-03-13
88;88;2;250;2023-03-09;2023-03-14
89;89;1;250;2023-03-10;2023-03-15
90;90;2;375;2023-03-11;2023-03-16
91;91;3;375;2023-03-12;2023-03-17
92;92;4;625;2023-03-13;2023-03-18
93;93;5;625;2023-03-14;2023-03-19
94;94;4;375;2023-03-15;2023-03-20
95;95;3;375;2023-03-16;2023-03-21
96;96;2;250;2023-03-17;2023-03-22
97;97;1;250;2023-03-18;2023-03-23
98;98;2;375;2023-03-19;2023-03-24
99;99;3;375;2023-03-20;2023-03-25
100;100;4;625;2023-03-21;2023-03-26
101;101;5;625;2023-03-22;2023-03-27
102;102;4;375;2023-03-23;2023-03-28
103;103;3;375;2023-03-24;2023-03-29
104;104;2;250;2023-03-25;2023-03-30
105;105;1;250;2023-03-26;2023-03-31
106;106;2;375;2023-03-27;2023-04-01
107;107;3;375;2023-03-28;2023-04-02
108;108;4;625;2023-03-29;2023-04-03
109;109;5;625;2023-03-30;2023-04-04
110;110;4;375;2023-03-31;2023-04-05
111;111;3;375;2023-04-01;2023-04-06
112;112;2;250;2023-04-02;2023-04-07
113;113;1;250;2023-04-03;2023-04-08
114;114;2;375;2023-04-04;2023-04-09
115;115;3;375;2023-04-05;2023-04-10
116;116;4;625;2023-04-06;2023-04-11
117;117;5;625;2023-04-07;2023-04-12
118;118;4;375;2023-04-08;2023-04-13
119;119;3;375;2023-04-09;2023-04-14
120;120;2;250;2023-04-10;2023-04-15
121;121;1;250;2023-04-11;2023-04-16
122;122;2;375;2023-04-12;2023-04-17
123;123;3;375;2023-04-13;2023-04-18
124;124;4;625;2023-04-14;2023-04-19
125;125;5;625;2023-04-15;2023-04-20
126;126;4;375;2023-04-16;2023-04-21
127;127;3;375;2023-04-17;2023-04-22
128;128;2;250;2023-04-18;2023-04-23
129;129;1;250;2023-04-19;2023-04-24
130;130;2;375;2023-04-20;2023-04-25
131;131;3;375;2023-04-21;2023-04-26
132;132;4;625;2023-04-22;2023-04-27
133;133;5;625;2023-04-23;2023-04-28
134;134;4;375;2023-04-24;2023-04-29
135;135;3;375;2023-04-25;2023-04-30
136;136;2;250;2023-04-26;2023-05-01
137;137;1;250;2023-04-27;2023-05-02
138;138;2;375;2023-04-28;2023-05-03
139;139;3;375;2023-04-29;2023-05-04
140;140;4;625;2023-04-30;2023-05-05
141;141;5;625;2023-05-01;2023-05-06
142;142;4;375;2023-05-02;2023-05-07
143;143;3;375;2023-05-03;2023-05-08
144;144;2;250;2023-05-04;2023-05-09
145;145;1;250;2023-05-05;2023-05-10
146;146;2;375;2023-05-06;2023-05-11
147;147;3;375;2023-05-07;2023-05-12
148;148;4;625;2023-05-08;2023-05-13
149;149;5;625;2023-05-09;2023-05-14
150;150;4;375;2023-05-10;2023-05-15
151;151;3;375;2023-05-11;2023-05-16
152;152;2;250;2023-05-12;2023-05-17
153;153;1;250;2023-05-13;2023-05-18
154;154;2;375;2023-05-14;2023-05-19
155;155;3;375;2023-05-15;2023-05-20
156;156;4;625;2023-05-16;2023-05-21
157;157;5;625;2023-05-17;2023-05-22
158;158;4;375;2023-05-18;2023-05-23
159;159;3;375;2023-05-19;2023-05-24
160;160;2;250;2023-05-20;2023-05-25
161;161;1;250;2023-05-21;2023-05-26
162;162;2;375;2023-05-22;2023-05-27
163;163;3;375;2023-05-23;2023-05-28
164;164;4;625;2023-05-24;2023-05-29
165;165;5;625;2023-05-25;2023-05-30
166;166;4;375;2023-05-26;2023-05-31
167;167;3;375;2023-05-27;2023-06-01
168;168;2;250;2023-05-28;2023-06-02
169;169;1;250;2023-05-29;2023-06-03
170;170;2;375;2023-05-30;2023-06-04
171;171;3;375;2023-05-31;2023-06-05
172;172;4;625;2023-06-01;2023-06-06
173;173;5;625;2023-06-02;2023-06-07
174;174;4;375;2023-06-03;2023-06-08
175;175;3;375;2023-06-04;2023-06-09
176;176;2;250;2023-06-05;2023-06-10
177;177;1;250;2023-06-06;2023-06-11
178;178;2;375;2023-06-07;2023-06-12
179;179;3;375;2023-06-08;2023-06-13
180;180;4;625;2023-06-09;2023-06-14
181;181;5;625;2023-06-10;2023-06-15
182;182;4;375;2023-06-11;2023-06-16
183;183;3;375;2023-06-12;2023-06-17
184;184;2;250;2023-06-13;2023-06-18
185;185;1;250;2023-06-14;2023-06-19
186;186;2;375;2023-06-15;2023-06-20
187;187;3;375;2023-06-16;2023-06-21
188;188;4;625;2023-06-17;2023-06-22
189;189;5;625;2023-06-18;2023-06-23
190;190;4;375;2023-06-19;2023-06-24
191;191;3;375;2023-06-20;2023-06-25
192;192;2;250;2023-06-21;2023-06-26
193;193;1;250;2023-06-22;2023-06-27
194;194;2;375;2023-06-23;2023-06-28
195;195;3;375;2023-06-24;2023-06-29
196;196;4;625;2023-06-25;2023-06-30
197;197;5;625;2023-06-26;2023-07-01
198;198;4;375;2023-06-27;2023-07-02
199;199;3;375;2023-06-28;2023-07-03
200;200;2;250;2023-06-29;2023-07-04
201;201;1;250;2023-06-30;2023-07-05
202;202;2;375;2023-07-01;2023-07-06
203;203;3;375;2023-07-02;2023-07-07
204;204;4;625;2023-07-03;2023-07-08
205;205;5;625;2023-07-04;2023-07-09
206;206;4;375;2023-07-05;2023-07-10
207;207;3;375;2023-07-06;2023-07-11
208;208;2;250;2023-07-07;2023-07-12
209;209;1;250;2023-07-08;2023-07-13
210;210;2;375;2023-07-09;2023-07-14
211;211;3;375;2023-07-10;2023-07-15
212;212;4;625;2023-07-11;2023-07-16
213;213;5;625;2023-07-12;2023-07-17
214;214;4;375;2023-07-13;2023-07-18
215;215;3;375;2023-07-14;2023-07-19
216;216;2;250;2023-07-15;2023-07-20
217;217;1;250;2023-07-16;2023-07-21
218;218;2;375;2023-07-17;2023-07-22
219;219;3;375;2023-07-18;2023-07-23
220;220;4;625;2023-07-19;2023-07-24
221;221;5;625;2023-07-20;2023-07-25
222;222;4;375;2023-07-21;2023-07-26
223;223;3;375;2023-07-22;2023-07-27
224;224;2;250;2023-07-23;2023-07-28
225;225;1;250;2023-07-24;2023-07-29
226;226;2;375;2023-07-25;2023-07-30
227;227;3;375;2023-07-26;2023-07-31
228;228;4;625;2023-07-27;2023-08-01
229;229;5;625;2023-07-28;2023-08-02
230;230;4;375;2023-07-29;2023-08-03
231;231;3;375;2023-07-30;2023-08-04
232;232;2;250;2023-07-31;2023-08-05
233;233;1;250;2023-08-01;2023-08-06
234;234;2;375;2023-08-02;2023-08-07
235;235;3;375;2023-08-03;2023-08-08
236;236;4;625;2023-08-04;2023-08-09
237;237;5;625;2023-08-05;2023-08-10
238;238;4;375;2023-08-06;2023-08-11
239;239;3;375;2023-08-07;2023-08-12
240;240;2;250;2023-08-08;2023-08-13
241;241;1;250;2023-08-09;2023-08-14
242;242;2;375;2023-08-10;2023-08-15
243;243;3;375;2023-08-11;2023-08-16
244;244;4;625;2023-08-12;2023-08-17
245;245;5;625;2023-08-13;2023-08-18
246;246;4;375;2023-08-14;2023-08-19
247;247;3;375;2023-08-15;2023-08-20
248;248;2;250;2023-08-16;2023-08-21
249;249;1;250;2023-08-17;2023-08-22
250;250;2;375;2023-08-18;2023-08-23
251;251;3;375;2023-08-19;2023-08-24
252;252;4;625;2023-08-20;2023-08-25
253;253;5;625;2023-08-21;2023-08-26
254;254;4;375;2023-08-22;2023-08-27
255;255;3;375;2023-08-23;2023-08-28
256;256;2;250;2023-08-24;2023-08-29
257;257;1;250;2023-08-25;2023-08-30
258;258;2;375;2023-08-26;2023-08-31
259;259;3;375;2023-08-27;2023-09-01
260;260;4;625;2023-08-28;2023-09-02
261;261;5;625;2023-08-29;2023-09-03
262;262;4;375;2023-08-30;2023-09-04
263;263;3;375;2023-08-31;2023-09-05
264;264;2;250;2023-09-01;2023-09-06
265;265;1;250;2023-09-02;2023-09-07
266;266;2;375;2023-09-03;2023-09-08
267;267;3;375;2023-09-04;2023-09-09
268;268;4;625;2023-09-05;2023-09-10
269;269;5;625;2023-09-06;2023-09-11
270;270;4;375;2023-09-07;2023-09-12
271;271;3;375;2023-09-08;2023-09-13
272;272;2;250;2023-09-09;2023-09-14
273;273;1;250;2023-09-10;2023-09-15
274;274;2;375;2023-09-11;2023-09-16
275;275;3;375;2023-09-12;2023-09-17
276;276;4;625;2023-09-13;2023-09-18
277;277;5;625;2023-09-14;2023-09-19
278;278;4;375;2023-09-15;2023-09-20
279;279;3;375;2023-09-16;2023-09-21
280;280;2;250;2023-09-17;2023-09-22
281;281;1;250;2023-09-18;2023-09-23
282;282;2;375;2023-09-19;2023-09-24
283;283;3;375;2023-09-20;2023-09-25
284;284;4;625;2023-09-21;2023-09-26
285;285;5;625;2023-09-22;2023-09-27
286;286;4;375;2023-09-23;2023-09-28
287;287;3;375;2023-09-24;2023-09-29
288;288;2;250;2023-09-25;2023-09-30
289;289;1;250;2023-09-26;2023-10-01
290;290;2;375;2023-09-27;2023-10-02
291;291;3;375;2023-09-28;2023-10-03
292;292;4;625;2023-09-29;2023-10-04
293;293;5;625;2023-09-30;2023-10-05
294;294;4;375;2023-10-01;2023-10-06
295;295;3;375;2023-10-02;2023-10-07
296;296;2;250;2023-10-03;2023-10-08
297;297;1;250;2023-10-04;2023-10-09
298;298;2;375;2023-10-05;2023-10-10
299;299;3;375;2023-10-06;2023-10-11
300;300;4;625;2023-10-07;2023-10-12
301;301;5;625;2023-10-08;2023-10-13
302;302;4;375;2023-10-09;2023-10-14
303;303;3;375;2023-10-10;2023-10-15
304;304;2;250;2023-10-11;2023-10-16
305;305;1;250;2023-10-12;2023-10-17
306;306;2;375;2023-10-13;2023-10-18
307;307;3;375;2023-10-14;2023-10-19
308;308;4;625;2023-10-15;2023-10-20
309;309;5;625;2023-10-16;2023-10-21
310;310;4;375;2023-10-17;2023-10-22
311;311;3;375;2023-10-18;2023-10-23
312;312;2;250;2023-10-19;2023-10-24
313;313;1;250;2023-10-20;2023-10-25
314;314;2;375;2023-10-21;2023-10-26
315;315;3;375;2023-10-22;2023-10-27
316;316;4;625;2023-10-23;2023-10-28
317;317;5;625;2023-10-24;2023-10-29
318;318;4;375;2023-10-25;2023-10-30
319;319;3;375;2023-10-26;2023-10-31
320;320;2;250;2023-10-27;2023-11-01
321;321;1;250;2023-10-28;2023-11-02
322;322;2;375;2023-10-29;2023-11-03
323;323;3;375;2023-10-30;2023-11-04
324;324;4;625;2023-10-31;2023-11-05
325;325;5;625;2023-11-01;2023-11-06
326;326;4;375;2023-11-02;2023-11-07
327;327;3;375;2023-11-03;2023-11-08
328;328;2;250;2023-11-04;2023-11-09
329;329;1;250;2023-11-05;2023-11-10
330;330;2;375;2023-11-06;2023-11-11
331;331;3;375;2023-11-07;2023-11-12
332;332;4;625;2023-11-08;2023-11-13
333;333;5;625;2023-11-09;2023-11-14
334;334;4;375;2023-11-10;2023-11-15
335;335;3;375;2023-11-11;2023-11-16
336;336;2;250;2023-11-12;2023-11-17
337;337;1;250;2023-11-13;2023-11-18
338;338;2;375;2023-11-14;2023-11-19
339;339;3;375;2023-11-15;2023-11-20
340;340;4;625;2023-11-16;2023-11-21
341;341;5;625;2023-11-17;2023-11-22
342;342;4;375;2023-11-18;2023-11-23
343;343;3;375;2023-11-19;2023-11-24
344;344;2;250;2023-11-20;2023-11-25
345;345;1;250;2023-11-21;2023-11-26
346;346;2;375;2023-11-22;2023-11-27
347;347;3;375;2023-11-23;2023-11-28
348;348;4;625;2023-11-24;2023-11-29
349;349;5;625;2023-11-25;2023-11-30
350;350;4;375;2023-11-26;2023-12-01
351;351;3;375;2023-11-27;2023-12-02
352;352;2;250;2023-11-28;2023-12-03
353;353;1;250;2023-11-29;2023-12-04
354;354;2;375;2023-11-30;2023-12-05
355;355;3;375;2023-12-01;2023-12-06
356;356;4;625;2023-12-02;2023-12-07
357;357;5;625;2023-12-03;2023-12-08
358;358;4;375;2023-12-04;2023-12-09
359;359;3;375;2023-12-05;2023-12-10
360;360;2;250;2023-12-06;2023-12-11
361;361;1;250;2023-12-07;2023-12-12
362;362;2;375;2023-12-08;2023-12-13
363;363;3;375;2023-12-09;2023-12-14
364;364;4;625;2023-12-10;2023-12-15
365;365;5;625;2023-12-11;2023-12-16
366;366;4;375;2023-12-12;2023-12-17
367;367;3;375;2023-12-13;2023-12-18
368;368;2;250;2023-12-14;2023-12-19
369;369;1;250;2023-12-15;2023-12-20
370;370;2;375;2023-12-16;2023-12-21
371;371;3;375;2023-12-17;2023-12-22
372;372;4;625;2023-12-18;2023-12-23
373;373;5;625;2023-12-19;2023-12-24
374;374;4;375;2023-12-20;2023-12-25
375;375;3;375;2023-12-21;2023-12-26
376;376;2;250;2023-12-22;2023-12-27
377;377;1;250;2023-12-23;2023-12-28
378;378;2;375;2023-12-24;2023-12-29
379;379;3;375;2023-12-25;2023-12-30
380;380;4;625;2023-12-26;2023-12-31
381;381;5;625;2023-12-27;2024-01-01
382;382;4;375;2023-12-28;2024-01-02
383;383;3;375;2023-12-29;2024-01-03
384;384;2;250;2023-12-30;2024-01-04
385;385;1;250;2023-12-31;2024-01-05
386;386;2;375;2024-01-01;2024-01-06
387;387;3;375;2024-01-02;2024-01-07
388;388;4;625;2024-01-03;2024-01-08
389;389;5;625;2024-01-04;2024-01-09
390;390;4;375;2024-01-05;2024-01-10
391;391;3;375;2024-01-06;2024-01-11
392;392;2;250;2024-01-07;2024-01-12
393;393;1;250;2024-01-08;2024-01-13
394;394;2;375;2024-01-09;2024-01-14
395;395;3;375;2024-01-10;2024-01-15
396;396;4;625;2024-01-11;2024-01-16
397;397;5;625;2024-01-12;2024-01-17
398;398;4;375;2024-01-13;2024-01-18
399;399;3;375;2024-01-14;2024-01-19
400;400;2;250;2024-01-15;2024-01-20
401;401;1;250;2024-01-16;2024-01-21
402;402;2;375;2024-01-17;2024-01-22
403;403;3;375;2024-01-18;2024-01-23
404;404;4;625;2024-01-19;2024-01-24
405;405;5;625;2024-01-20;2024-01-25
406;406;4;375;2024-01-21;2024-01-26
407;407;3;375;2024-01-22;2024-01-27
408;408;2;250;2024-01-23;2024-01-28
409;409;1;250;2024-01-24;2024-01-29
410;410;2;375;2024-01-25;2024-01-30
411;411;3;375;2024-01-26;2024-01-31
412;412;4;625;2024-01-27;2024-02-01
413;413;5;625;2024-01-28;2024-02-02
414;414;4;375;2024-01-29;2024-02-03
415;415;3;375;2024-01-30;2024-02-04
416;416;2;250;2024-01-31;2024-02-05
417;417;1;250;2024-02-01;2024-02-06
418;418;2;375;2024-02-02;2024-02-07
419;419;3;375;2024-02-03;2024-02-08
420;420;4;625;2024-02-04;2024-02-09
421;421;5;625;2024-02-05;2024-02-10
422;422;4;375;2024-02-06;2024-02-11
423;423;3;375;2024-02-07;2024-02-12
424;424;2;250;2024-02-08;2024-02-13
425;425;1;250;2024-02-09;2024-02-14
426;426;2;375;2024-02-10;2024-02-15
427;427;3;375;2024-02-11;2024-02-16
428;428;4;625;2024-02-12;2024-02-17
429;429;5;625;2024-02-13;2024-02-18
430;430;4;375;2024-02-14;2024-02-19
431;431;3;375;2024-02-15;2024-02-20
432;432;2;250;2024-02-16;2024-02-21
433;433;1;250;2024-02-17;2024-02-22
434;434;2;375;2024-02-18;2024-02-23
435;435;3;375;2024-02-19;2024-02-24
436;436;4;625;2024-02-20;2024-02-25
437;437;5;625;2024-02-21;2024-02-26
438;438;4;375;2024-02-22;2024-02-27
439;439;3;375;2024-02-23;2024-02-28
440;440;2;250;2024-02-24;2024-02-29
441;441;1;250;2024-02-25;2024-03-01
442;442;2;375;2024-02-26;2024-03-02
443;443;3;375;2024-02-27;2024-03-03
444;444;4;625;2024-02-28;2024-03-04
445;445;5;625;2024-02-29;2024-03-05
446;446;4;375;2024-03-01;2024-03-06
447;447;3;375;2024-03-02;2024-03-07
448;448;2;250;2024-03-03;2024-03-08
449;449;1;250;2024-03-04;2024-03-09
450;450;2;375;2024-03-05;2024-03-10
451;451;3;375;2024-03-06;2024-03-11
452;452;4;625;2024-03-07;2024-03-12
453;453;5;625;2024-03-08;2024-03-13
454;454;4;375;2024-03-09;2024-03-14
455;455;3;375;2024-03-10;2024-03-15
456;456;2;250;2024-03-11;2024-03-16
457;457;1;250;2024-03-12;2024-03-17
458;458;2;375;2024-03-13;2024-03-18
459;459;3;375;2024-03-14;2024-03-19
460;460;4;625;2024-03-15;2024-03-20
461;461;5;625;2024-03-16;2024-03-21
462;462;4;375;2024-03-17;2024-03-22
463;463;3;375;2024-03-18;2024-03-23
464;464;2;250;2024-03-19;2024-03-24
465;465;1;250;2024-03-20;2024-03-25
466;466;2;375;2024-03-21;2024-03-26
467;467;3;375;2024-03-22;2024-03-27
468;468;4;625;2024-03-23;2024-03-28
469;469;5;625;2024-03-24;2024-03-29
470;470;4;375;2024-03-25;2024-03-30
471;471;3;375;2024-03-26;2024-03-31
472;472;2;250;2024-03-27;2024-04-01
473;473;1;250;2024-03-28;2024-04-02
474;474;2;375;2024-03-29;2024-04-03
475;475;3;375;2024-03-30;2024-04-04
476;476;4;625;2024-03-31;2024-04-05
477;477;5;625;2024-04-01;2024-04-06
478;478;4;375;2024-04-02;2024-04-07
479;479;3;375;2024-04-03;2024-04-08
480;480;2;250;2024-04-04;2024-04-09
481;481;1;250;2024-04-05;2024-04-10
482;482;2;375;2024-04-06;2024-04-11
483;483;3;375;2024-04-07;2024-04-12
484;484;4;625;2024-04-08;2024-04-13
485;485;5;625;2024-04-09;2024-04-14
486;486;4;375;2024-04-10;2024-04-15
487;487;3;375;2024-04-11;2024-04-16
488;488;2;250;2024-04-12;2024-04-17
489;489;1;250;2024-04-13;2024-04-18
490;490;2;375;2024-04-14;2024-04-19
491;491;3;375;2024-04-15;2024-04-20
492;492;4;625;2024-04-16;2024-04-21
493;493;5;625;2024-04-17;2024-04-22
494;494;4;375;2024-04-18;2024-04-23
495;495;3;375;2024-04-19;2024-04-24
496;496;2;250;2024-04-20;2024-04-25
497;497;1;250;2024-04-21;2024-04-26
498;498;2;375;2024-04-22;2024-04-27
499;499;3;375;2024-04-23;2024-04-28
500;500;4;625;2024-04-24;2024-04-29
501;501;5;625;2024-04-25;2024-04-30
502;502;4;375;2024-04-26;2024-05-01
503;503;3;375;2024-04-27;2024-05-02
504;504;2;250;2024-04-28;2024-05-03
505;505;1;250;2024-04-29;2024-05-04
506;506;2;375;2024-04-30;2024-05-05
507;507;3;375;2024-05-01;2024-05-06
508;508;4;625;2024-05-02;2024-05-07
509;509;5;625;2024-05-03;2024-05-08
510;510;4;375;2024-05-04;2024-05-09
511;511;3;375;2024-05-05;2024-05-10
512;512;2;250;2024-05-06;2024-05-11
513;1;1;250;2024-05-07;2024-05-12
514;2;2;375;2024-05-08;2024-05-13
515;3;3;375;2024-05-09;2024-05-14
516;4;4;625;2024-05-10;2024-05-15
517;5;5;625;2024-05-11;2024-05-16
518;6;4;375;2024-05-12;2024-05-17
519;7;3;375;2024-05-13;2024-05-18
520;8;2;250;2024-05-14;2024-05-19
521;9;1;250;2024-05-15;2024-05-20
522;10;2;375;2024-05-16;2024-05-21
523;11;3;375;2024-05-17;2024-05-22
524;12;4;625;2024-05-18;2024-05-23
525;13;5;625;2024-05-19;2024-05-24
526;14;4;375;2024-05-20;2024-05-25
527;15;3;375;2024-05-21;2024-05-26
528;16;2;250;2024-05-22;2024-05-27
529;17;1;250;2024-05-23;2024-05-28
530;18;2;375;2024-05-24;2024-05-29
531;19;3;375;2024-05-25;2024-05-30
532;20;4;625;2024-05-26;2024-05-31
533;21;5;625;2024-05-27;2024-06-01
534;22;4;375;2024-05-28;2024-06-02
535;23;3;375;2024-05-29;2024-06-03
536;24;2;250;2024-05-30;2024-06-04
537;25;1;250;2024-05-31;2024-06-05
538;26;2;375;2024-06-01;2024-06-06
539;27;3;375;2024-06-02;2024-06-07
540;28;4;625;2024-06-03;2024-06-08
541;29;5;625;2024-06-04;2024-06-09
542;30;4;375;2024-06-05;2024-06-10
543;31;3;375;2024-06-06;2024-06-11
544;32;2;250;2024-06-07;2024-06-12
545;33;1;250;2024-06-08;2024-06-13
546;34;2;375;2024-06-09;2024-06-14
547;35;3;375;2024-06-10;2024-06-15
548;36;4;625;2024-06-11;2024-06-16
549;37;5;625;2024-06-12;2024-06-17
550;38;4;375;2024-06-13;2024-06-18
551;39;3;375;2024-06-14;2024-06-19
552;40;2;250;2024-06-15;2024-06-20
553;41;1;250;2024-06-16;2024-06-21
554;42;2;375;2024-06-17;2024-06-22
555;43;3;375;2024-06-18;2024-06-23
556;44;4;625;2024-06-19;2024-06-24
557;45;5;625;2024-06-20;2024-06-25
558;46;4;375;2024-06-21;2024-06-26
559;47;3;375;2024-06-22;2024-06-27
560;48;2;250;2024-06-23;2024-06-28
561;49;1;250;2024-06-24;2024-06-29
562;50;2;375;2024-06-25;2024-06-30
563;51;3;375;2024-06-26;2024-07-01
564;52;4;625;2024-06-27;2024-07-02
565;53;5;625;2024-06-28;2024-07-03
566;54;4;375;2024-06-29;2024-07-04
567;55;3;375;2024-06-30;2024-07-05
568;56;2;250;2024-07-01;2024-07-06
569;57;1;250;2024-07-02;2024-07-07
570;58;2;375;2024-07-03;2024-07-08
571;59;3;375;2024-07-04;2024-07-09
572;60;4;625;2024-07-05;2024-07-10
573;61;5;625;2024-07-06;2024-07-11
574;62;4;375;2024-07-07;2024-07-12
575;63;3;375;2024-07-08;2024-07-13
576;64;2;250;2024-07-09;2024-07-14
577;65;1;250;2024-07-10;2024-07-15
578;66;2;375;2024-07-11;2024-07-16
579;67;3;375;2024-07-12;2024-07-17
580;68;4;625;2024-07-13;2024-07-18
581;69;5;625;2024-07-14;2024-07-19
582;70;4;375;2024-07-15;2024-07-20
583;71;3;375;2024-07-16;2024-07-21
584;72;2;250;2024-07-17;2024-07-22
585;73;1;250;2024-07-18;2024-07-23
586;74;2;375;2024-07-19;2024-07-24
587;75;3;375;2024-07-20;2024-07-25
588;76;4;625;2024-07-21;2024-07-26
589;77;5;625;2024-07-22;2024-07-27
590;78;4;375;2024-07-23;2024-07-28
591;79;3;375;2024-07-24;2024-07-29
592;80;2;250;2024-07-25;2024-07-30
593;81;1;250;2024-07-26;2024-07-31
594;82;2;375;2024-07-27;2024-08-01
595;83;3;375;2024-07-28;2024-08-02
596;84;4;625;2024-07-29;2024-08-03
597;85;5;625;2024-07-30;2024-08-04
598;86;4;375;2024-07-31;2024-08-05
599;87;3;375;2024-08-01;2024-08-06
600;88;2;250;2024-08-02;2024-08-07
601;89;1;250;2024-08-03;2024-08-08
602;90;2;375;2024-08-04;2024-08-09
603;91;3;375;2024-08-05;2024-08-10
604;92;4;625;2024-08-06;2024-08-11
605;93;5;625;2024-08-07;2024-08-12
606;94;4;375;2024-08-08;2024-08-13
607;95;3;375;2024-08-09;2024-08-14
608;96;2;250;2024-08-10;2024-08-15
609;97;1;250;2024-08-11;2024-08-16
610;98;2;375;2024-08-12;2024-08-17
611;99;3;375;2024-08-13;2024-08-18
612;100;4;625;2024-08-14;2024-08-19
613;101;5;625;2024-08-15;2024-08-20
614;102;4;375;2024-08-16;2024-08-21
615;103;3;375;2024-08-17;2024-08-22
616;104;2;250;2024-08-18;2024-08-23
617;105;1;250;2024-08-19;2024-08-24
618;106;2;375;2024-08-20;2024-08-25
619;107;3;375;2024-08-21;2024-08-26
620;108;4;625;2024-08-22;2024-08-27
621;109;5;625;2024-08-23;2024-08-28
622;110;4;375;2024-08-24;2024-08-29
623;111;3;375;2024-08-25;2024-08-30
624;112;2;250;2024-08-26;2024-08-31
625;113;1;250;2024-08-27;2024-09-01
626;114;2;375;2024-08-28;2024-09-02
627;115;3;375;2024-08-29;2024-09-03
628;116;4;625;2024-08-30;2024-09-04
629;117;5;625;2024-08-31;2024-09-05
630;118;4;375;2024-09-01;2024-09-06
631;119;3;375;2024-09-02;2024-09-07
632;120;2;250;2024-09-03;2024-09-08
633;121;1;250;2024-09-04;2024-09-09
634;122;2;375;2024-09-05;2024-09-10
635;123;3;375;2024-09-06;2024-09-11
636;124;4;625;2024-09-07;2024-09-12
637;125;5;625;2024-09-08;2024-09-13
638;126;4;375;2024-09-09;2024-09-14
639;127;3;375;2024-09-10;2024-09-15
640;128;2;250;2024-09-11;2024-09-16
641;129;1;250;2024-09-12;2024-09-17
642;130;2;375;2024-09-13;2024-09-18
643;131;3;375;2024-09-14;2024-09-19
644;132;4;625;2024-09-15;2024-09-20
645;133;5;625;2024-09-16;2024-09-21
646;134;4;375;2024-09-17;2024-09-22
647;135;3;375;2024-09-18;2024-09-23
648;136;2;250;2024-09-19;2024-09-24
649;137;1;250;2024-09-20;2024-09-25
650;138;2;375;2024-09-21;2024-09-26
651;139;3;375;2024-09-22;2024-09-27
652;140;4;625;2024-09-23;2024-09-28
653;141;5;625;2024-09-24;2024-09-29
654;142;4;375;2024-09-25;2024-09-30
655;143;3;375;2024-09-26;2024-10-01
656;144;2;250;2024-09-27;2024-10-02
657;145;1;250;2024-09-28;2024-10-03
658;146;2;375;2024-09-29;2024-10-04
659;147;3;375;2024-09-30;2024-10-05
660;148;4;625;2024-10-01;2024-10-06
661;149;5;625;2024-10-02;2024-10-07
662;150;4;375;2024-10-03;2024-10-08
663;151;3;375;2024-10-04;2024-10-09
664;152;2;250;2024-10-05;2024-10-10
665;153;1;250;2024-10-06;2024-10-11
666;154;2;375;2024-10-07;2024-10-12
667;155;3;375;2024-10-08;2024-10-13
668;156;4;625;2024-10-09;2024-10-14
669;157;5;625;2024-10-10;2024-10-15
670;158;4;375;2024-10-11;2024-10-16
671;159;3;375;2024-10-12;2024-10-17
672;160;2;250;2024-10-13;2024-10-18
673;161;1;250;2024-10-14;2024-10-19
674;162;2;375;2024-10-15;2024-10-20
675;163;3;375;2024-10-16;2024-10-21
676;164;4;625;2024-10-17;2024-10-22
677;165;5;625;2024-10-18;2024-10-23
678;166;4;375;2024-10-19;2024-10-24
679;167;3;375;2024-10-20;2024-10-25
680;168;2;250;2024-10-21;2024-10-26
681;169;1;250;2024-10-22;2024-10-27
682;170;2;375;2024-10-23;2024-10-28
683;171;3;375;2024-10-24;2024-10-29
684;172;4;625;2024-10-25;2024-10-30
685;173;5;625;2024-10-26;2024-10-31
686;174;4;375;2024-10-27;2024-11-01
687;175;3;375;2024-10-28;2024-11-02
688;176;2;250;2024-10-29;2024-11-03
689;177;1;250;2024-10-30;2024-11-04
690;178;2;375;2024-10-31;2024-11-05
691;179;3;375;2024-11-01;2024-11-06
692;180;4;625;2024-11-02;2024-11-07
693;181;5;625;2024-11-03;2024-11-08
694;182;4;375;2024-11-04;2024-11-09
695;183;3;375;2024-11-05;2024-11-10
696;184;2;250;2024-11-06;2024-11-11
697;185;1;250;2024-11-07;2024-11-12
698;186;2;375;2024-11-08;2024-11-13
699;187;3;375;2024-11-09;2024-11-14
700;188;4;625;2024-11-10;2024-11-15
701;189;5;625;2024-11-11;2024-11-16
702;190;4;375;2024-11-12;2024-11-17
703;191;3;375;2024-11-13;2024-11-18
704;192;2;250;2024-11-14;2024-11-19
705;193;1;250;2024-11-15;2024-11-20
706;194;2;375;2024-11-16;2024-11-21
707;195;3;375;2024-11-17;2024-11-22
708;196;4;625;2024-11-18;2024-11-23
709;197;5;625;2024-11-19;2024-11-24
710;198;4;375;2024-11-20;2024-11-25
711;199;3;375;2024-11-21;2024-11-26
712;200;2;250;2024-11-22;2024-11-27
713;201;1;250;2024-11-23;2024-11-28
714;202;2;375;2024-11-24;2024-11-29
715;203;3;375;2024-11-25;2024-11-30
716;204;4;625;2024-11-26;2024-12-01
717;205;5;625;2024-11-27;2024-12-02
718;206;4;375;2024-11-28;2024-12-03
719;207;3;375;2024-11-29;2024-12-04
720;208;2;250;2024-11-30;2024-12-05
721;209;1;250;2024-12-01;2024-12-06
722;210;2;375;2024-12-02;2024-12-07
723;211;3;375;2024-12-03;2024-12-08
724;212;4;625;2024-12-04;2024-12-09
725;213;5;625;2024-12-05;2024-12-10
726;214;4;375;2024-12-06;2024-12-11
727;215;3;375;2024-12-07;2024-12-12
728;216;2;250;2024-12-08;2024-12-13
729;217;1;250;2024-12-09;2024-12-14
730;218;2;375;2024-12-10;2024-12-15
731;219;3;375;2024-12-11;2024-12-16
732;220;4;625;2024-12-12;2024-12-17
733;221;5;625;2024-12-13;2024-12-18
734;222;4;375;2024-12-14;2024-12-19
735;223;3;375;2024-12-15;2024-12-20
736;224;2;250;2024-12-16;2024-12-21
737;225;1;250;2024-12-17;2024-12-22
738;226;2;375;2024-12-18;2024-12-23
739;227;3;375;2024-12-19;2024-12-24
740;228;4;625;2024-12-20;2024-12-25
741;229;5;625;2024-12-21;2024-12-26
742;230;4;375;2024-12-22;2024-12-27
743;231;3;375;2024-12-23;2024-12-28
744;232;2;250;2024-12-24;2024-12-29
745;233;1;250;2024-12-25;2024-12-30
746;234;2;375;2024-12-26;2024-12-31
747;235;3;375;2024-12-27;2025-01-01
748;236;4;625;2024-12-28;2025-01-02
749;237;5;625;2024-12-29;2025-01-03
750;238;4;375;2024-12-30;2025-01-04
751;239;3;375;2024-12-31;2025-01-05
752;240;2;250;2025-01-01;2025-01-06
753;241;1;250;2025-01-02;2025-01-07
754;242;2;375;2025-01-03;2025-01-08
755;243;3;375;2025-01-04;2025-01-09
756;244;4;625;2025-01-05;2025-01-10
757;245;5;625;2025-01-06;2025-01-11
758;246;4;375;2025-01-07;2025-01-12
759;247;3;375;2025-01-08;2025-01-13
760;248;2;250;2025-01-09;2025-01-14
761;249;1;250;2025-01-10;2025-01-15
762;250;2;375;2025-01-11;2025-01-16
763;251;3;375;2025-01-12;2025-01-17
764;252;4;625;2025-01-13;2025-01-18
765;253;5;625;2025-01-14;2025-01-19
766;254;4;375;2025-01-15;2025-01-20
767;255;3;375;2025-01-16;2025-01-21
768;256;2;250;2025-01-17;2025-01-22
769;257;1;250;2025-01-18;2025-01-23
770;258;2;375;2025-01-19;2025-01-24
771;259;3;375;2025-01-20;2025-01-25
772;260;4;625;2025-01-21;2025-01-26
773;261;5;625;2025-01-22;2025-01-27
774;262;4;375;2025-01-23;2025-01-28
775;263;3;375;2025-01-24;2025-01-29
776;264;2;250;2025-01-25;2025-01-30
777;265;1;250;2025-01-26;2025-01-31
778;266;2;375;2025-01-27;2025-02-01
779;267;3;375;2025-01-28;2025-02-02
780;268;4;625;2025-01-29;2025-02-03
781;269;5;625;2025-01-30;2025-02-04
782;270;4;375;2025-01-31;2025-02-05
783;271;3;375;2025-02-01;2025-02-06
784;272;2;250;2025-02-02;2025-02-07
785;273;1;250;2025-02-03;2025-02-08
786;274;2;375;2025-02-04;2025-02-09
787;275;3;375;2025-02-05;2025-02-10
788;276;4;625;2025-02-06;2025-02-11
789;277;5;625;2025-02-07;2025-02-12
790;278;4;375;2025-02-08;2025-02-13
791;279;3;375;2025-02-09;2025-02-14
792;280;2;250;2025-02-10;2025-02-15
793;281;1;250;2025-02-11;2025-02-16
794;282;2;375;2025-02-12;2025-02-17
795;283;3;375;2025-02-13;2025-02-18
796;284;4;625;2025-02-14;2025-02-19
797;285;5;625;2025-02-15;2025-02-20
798;286;4;375;2025-02-16;2025-02-21
799;287;3;375;2025-02-17;2025-02-22
800;288;2;250;2025-02-18;2025-02-23
801;289;1;250;2025-02-19;2025-02-24
802;290;2;375;2025-02-20;2025-02-25
803;291;3;375;2025-02-21;2025-02-26
804;292;4;625;2025-02-22;2025-02-27
805;293;5;625;2025-02-23;2025-02-28
806;294;4;375;2025-02-24;2025-03-01
807;295;3;375;2025-02-25;2025-03-02
808;296;2;250;2025-02-26;2025-03-03
809;297;1;250;2025-02-27;2025-03-04
810;298;2;375;2025-02-28;2025-03-05
811;299;3;375;2025-03-01;2025-03-06
812;300;4;625;2025-03-02;2025-03-07
813;301;5;625;2025-03-03;2025-03-08
814;302;4;375;2025-03-04;2025-03-09
815;303;3;375;2025-03-05;2025-03-10
816;304;2;250;2025-03-06;2025-03-11
817;305;1;250;2025-03-07;2025-03-12
818;306;2;375;2025-03-08;2025-03-13
819;307;3;375;2025-03-09;2025-03-14
820;308;4;625;2025-03-10;2025-03-15
821;309;5;625;2025-03-11;2025-03-16
822;310;4;375;2025-03-12;2025-03-17
823;311;3;375;2025-03-13;2025-03-18
824;312;2;250;2025-03-14;2025-03-19
825;313;1;250;2025-03-15;2025-03-20
826;314;2;375;2025-03-16;2025-03-21
827;315;3;375;2025-03-17;2025-03-22
828;316;4;625;2025-03-18;2025-03-23
829;317;5;625;2025-03-19;2025-03-24
830;318;4;375;2025-03-20;2025-03-25
831;319;3;375;2025-03-21;2025-03-26
832;320;2;250;2025-03-22;2025-03-27
833;321;1;250;2025-03-23;2025-03-28
834;322;2;375;2025-03-24;2025-03-29
835;323;3;375;2025-03-25;2025-03-30
836;324;4;625;2025-03-26;2025-03-31
837;325;5;625;2025-03-27;2025-04-01
838;326;4;375;2025-03-28;2025-04-02
839;327;3;375;2025-03-29;2025-04-03
840;328;2;250;2025-03-30;2025-04-04
841;329;1;250;2025-03-31;2025-04-05
842;330;2;375;2025-04-01;2025-04-06
843;331;3;375;2025-04-02;2025-04-07
844;332;4;625;2025-04-03;2025-04-08
845;333;5;625;2025-04-04;2025-04-09
846;334;4;375;2025-04-05;2025-04-10
847;335;3;375;2025-04-06;2025-04-11
848;336;2;250;2025-04-07;2025-04-12
849;337;1;250;2025-04-08;2025-04-13
850;338;2;375;2025-04-09;2025-04-14
851;339;3;375;2025-04-10;2025-04-15
852;340;4;625;2025-04-11;2025-04-16
853;341;5;625;2025-04-12;2025-04-17
854;342;4;375;2025-04-13;2025-04-18
855;343;3;375;2025-04-14;2025-04-19
856;344;2;250;2025-04-15;2025-04-20
857;345;1;250;2025-04-16;2025-04-21
858;346;2;375;2025-04-17;2025-04-22
859;347;3;375;2025-04-18;2025-04-23
860;348;4;625;2025-04-19;2025-04-24
861;349;5;625;2025-04-20;2025-04-25
862;350;4;375;2025-04-21;2025-04-26
863;351;3;375;2025-04-22;2025-04-27
864;352;2;250;2025-04-23;2025-04-28
865;353;1;250;2025-04-24;2025-04-29
866;354;2;375;2025-04-25;2025-04-30
867;355;3;375;2025-04-26;2025-05-01
868;356;4;625;2025-04-27;2025-05-02
869;357;5;625;2025-04-28;2025-05-03
870;358;4;375;2025-04-29;2025-05-04
871;359;3;375;2025-04-30;2025-05-05
872;360;2;250;2025-05-01;2025-05-06
873;361;1;250;2025-05-02;2025-05-07
874;362;2;375;2025-05-03;2025-05-08
875;363;3;375;2025-05-04;2025-05-09
876;364;4;625;2025-05-05;2025-05-10
877;365;5;625;2025-05-06;2025-05-11
878;366;4;375;2025-05-07;2025-05-12
879;367;3;375;2025-05-08;2025-05-13
880;368;2;250;2025-05-09;2025-05-14
881;369;1;250;2025-05-10;2025-05-15
882;370;2;375;2025-05-11;2025-05-16
883;371;3;375;2025-05-12;2025-05-17
884;372;4;625;2025-05-13;2025-05-18
885;373;5;625;2025-05-14;2025-05-19
886;374;4;375;2025-05-15;2025-05-20
887;375;3;375;2025-05-16;2025-05-21
888;376;2;250;2025-05-17;2025-05-22
889;377;1;250;2025-05-18;2025-05-23
890;378;2;375;2025-05-19;2025-05-24
891;379;3;375;2025-05-20;2025-05-25
892;380;4;625;2025-05-21;2025-05-26
893;381;5;625;2025-05-22;2025-05-27
894;382;4;375;2025-05-23;2025-05-28
895;383;3;375;2025-05-24;2025-05-29
896;384;2;250;2025-05-25;2025-05-30
897;385;1;250;2025-05-26;2025-05-31
898;386;2;375;2025-05-27;2025-06-01
899;387;3;375;2025-05-28;2025-06-02
900;388;4;625;2025-05-29;2025-06-03
901;389;5;625;2025-05-30;2025-06-04
902;390;4;375;2025-05-31;2025-06-05
903;391;3;375;2025-06-01;2025-06-06
904;392;2;250;2025-06-02;2025-06-07
905;393;1;250;2025-06-03;2025-06-08
906;394;2;375;2025-06-04;2025-06-09
907;395;3;375;2025-06-05;2025-06-10
908;396;4;625;2025-06-06;2025-06-11
909;397;5;625;2025-06-07;2025-06-12
910;398;4;375;2025-06-08;2025-06-13
911;399;3;375;2025-06-09;2025-06-14
912;400;2;250;2025-06-10;2025-06-15
913;401;1;250;2025-06-11;2025-06-16
914;402;2;375;2025-06-12;2025-06-17
915;403;3;375;2025-06-13;2025-06-18
916;404;4;625;2025-06-14;2025-06-19
917;405;5;625;2025-06-15;2025-06-20
918;406;4;375;2025-06-16;2025-06-21
919;407;3;375;2025-06-17;2025-06-22
920;408;2;250;2025-06-18;2025-06-23
921;409;1;250;2025-06-19;2025-06-24
922;410;2;375;2025-06-20;2025-06-25
923;411;3;375;2025-06-21;2025-06-26
924;412;4;625;2025-06-22;2025-06-27
925;413;5;625;2025-06-23;2025-06-28
926;414;4;375;2025-06-24;2025-06-29
927;415;3;375;2025-06-25;2025-06-30
928;416;2;250;2025-06-26;2025-07-01
929;417;1;250;2025-06-27;2025-07-02
930;418;2;375;2025-06-28;2025-07-03
931;419;3;375;2025-06-29;2025-07-04
932;420;4;625;2025-06-30;2025-07-05
933;421;5;625;2025-07-01;2025-07-06
934;422;4;375;2025-07-02;2025-07-07
935;423;3;375;2025-07-03;2025-07-08
936;424;2;250;2025-07-04;2025-07-09
937;425;1;250;2025-07-05;2025-07-10
938;426;2;375;2025-07-06;2025-07-11
939;427;3;375;2025-07-07;2025-07-12
940;428;4;625;2025-07-08;2025-07-13
941;429;5;625;2025-07-09;2025-07-14
942;430;4;375;2025-07-10;2025-07-15
943;431;3;375;2025-07-11;2025-07-16
944;432;2;250;2025-07-12;2025-07-17
945;433;1;250;2025-07-13;2025-07-18
946;434;2;375;2025-07-14;2025-07-19
947;435;3;375;2025-07-15;2025-07-20
948;436;4;625;2025-07-16;2025-07-21
949;437;5;625;2025-07-17;2025-07-22
950;438;4;375;2025-07-18;2025-07-23
951;439;3;375;2025-07-19;2025-07-24
952;440;2;250;2025-07-20;2025-07-25
953;441;1;250;2025-07-21;2025-07-26
954;442;2;375;2025-07-22;2025-07-27
955;443;3;375;2025-07-23;2025-07-28
956;444;4;625;2025-07-24;2025-07-29
957;445;5;625;2025-07-25;2025-07-30
958;446;4;375;2025-07-26;2025-07-31
959;447;3;375;2025-07-27;2025-08-01
960;448;2;250;2025-07-28;2025-08-02
961;449;1;250;2025-07-29;2025-08-03
962;450;2;375;2025-07-30;2025-08-04
963;451;3;375;2025-07-31;2025-08-05
964;452;4;625;2025-08-01;2025-08-06
965;453;5;625;2025-08-02;2025-08-07
966;454;4;375;2025-08-03;2025-08-08
967;455;3;375;2025-08-04;2025-08-09
968;456;2;250;2025-08-05;2025-08-10
969;457;1;250;2025-08-06;2025-08-11
970;458;2;375;2025-08-07;2025-08-12
971;459;3;375;2025-08-08;2025-08-13
972;460;4;625;2025-08-09;2025-08-14
973;461;5;625;2025-08-10;2025-08-15
974;462;4;375;2025-08-11;2025-08-16
975;463;3;375;2025-08-12;2025-08-17
976;464;2;250;2025-08-13;2025-08-18
977;465;1;250;2025-08-14;2025-08-19
978;466;2;375;2025-08-15;2025-08-20
979;467;3;375;2025-08-16;2025-08-21
980;468;4;625;2025-08-17;2025-08-22
981;469;5;625;2025-08-18;2025-08-23
982;470;4;375;2025-08-19;2025-08-24
983;471;3;375;2025-08-20;2025-08-25
984;472;2;250;2025-08-21;2025-08-26
985;473;1;250;2025-08-22;2025-08-27
986;474;2;375;2025-08-23;2025-08-28
987;475;3;375;2025-08-24;2025-08-29
988;476;4;625;2025-08-25;2025-08-30
989;477;5;625;2025-08-26;2025-08-31
990;478;4;375;2025-08-27;2025-09-01
991;479;3;375;2025-08-28;2025-09-02
992;480;2;250;2025-08-29;2025-09-03
993;481;1;250;2025-08-30;2025-09-04
994;482;2;375;2025-08-31;2025-09-05
995;483;3;375;2025-09-01;2025-09-06
996;484;4;625;2025-09-02;2025-09-07
997;485;5;625;2025-09-03;2025-09-08
998;486;4;375;2025-09-04;2025-09-09
999;487;3;375;2025-09-05;2025-09-10
1000;488;2;250;2025-09-06;2025-09-11
1001;489;1;250;2025-09-07;2025-09-12
1002;490;2;375;2025-09-08;2025-09-13
1003;491;3;375;2025-09-09;2025-09-14
1004;492;4;625;2025-09-10;2025-09-15
1005;493;5;625;2025-09-11;2025-09-16
1006;494;4;375;2025-09-12;2025-09-17
1007;495;3;375;2025-09-13;2025-09-18
1008;496;2;250;2025-09-14;2025-09-19
1009;497;1;250;2025-09-15;2025-09-20
1010;498;2;375;2025-09-16;2025-09-21
1011;499;3;375;2025-09-17;2025-09-22
1012;500;4;625;2025-09-18;2025-09-23
1013;501;5;625;2025-09-19;2025-09-24
1014;502;4;375;2025-09-20;2025-09-25
1015;503;3;375;2025-09-21;2025-09-26
1016;504;2;250;2025-09-22;2025-09-27
1017;505;1;250;2025-09-23;2025-09-28
1018;506;2;375;2025-09-24;2025-09-29
1019;507;3;375;2025-09-25;2025-09-30
1020;508;4;625;2025-09-26;2025-10-01
1021;509;5;625;2025-09-27;2025-10-02
1022;510;4;375;2025-09-28;2025-10-03
1023;511;3;375;2025-09-29;2025-10-04
1024;512;2;250;2025-09-30;2025-10-05
1025;1;1;250;2025-10-01;2025-10-06
1026;2;2;375;2025-10-02;2025-10-07
1027;3;3;375;2025-10-03;2025-10-08
1028;4;4;625;2025-10-04;2025-10-09
1029;5;5;625;2025-10-05;2025-10-10
1030;6;4;375;2025-10-06;2025-10-11
1031;7;3;375;2025-10-07;2025-10-12
1032;8;2;250;2025-10-08;2025-10-13
1033;9;1;250;2025-10-09;2025-10-14
1034;10;2;375;2025-10-10;2025-10-15
1035;11;3;375;2025-10-11;2025-10-16
1036;12;4;625;2025-10-12;2025-10-17
1037;13;5;625;2025-10-13;2025-10-18
1038;14;4;375;2025-10-14;2025-10-19
1039;15;3;375;2025-10-15;2025-10-20
1040;16;2;250;2025-10-16;2025-10-21
1041;17;1;250;2025-10-17;2025-10-22
1042;18;2;375;2025-10-18;2025-10-23
1043;19;3;375;2025-10-19;2025-10-24
1044;20;4;625;2025-10-20;2025-10-25
1045;21;5;625;2025-10-21;2025-10-26
1046;22;4;375;2025-10-22;2025-10-27
1047;23;3;375;2025-10-23;2025-10-28
1048;24;2;250;2025-10-24;2025-10-29
1049;25;1;250;2025-10-25;2025-10-30
1050;26;2;375;2025-10-26;2025-10-31
1051;27;3;375;2025-10-27;2025-11-01
1052;28;4;625;2025-10-28;2025-11-02
1053;29;5;625;2025-10-29;2025-11-03
1054;30;4;375;2025-10-30;2025-11-04
1055;31;3;375;2025-10-31;2025-11-05
1056;32;2;250;2025-11-01;2025-11-06
1057;33;1;250;2025-11-02;2025-11-07
1058;34;2;375;2025-11-03;2025-11-08
1059;35;3;375;2025-11-04;2025-11-09
1060;36;4;625;2025-11-05;2025-11-10
1061;37;5;625;2025-11-06;2025-11-11
1062;38;4;375;2025-11-07;2025-11-12
1063;39;3;375;2025-11-08;2025-11-13
1064;40;2;250;2025-11-09;2025-11-14
1065;41;1;250;2025-11-10;2025-11-15
1066;42;2;375;2025-11-11;2025-11-16
1067;43;3;375;2025-11-12;2025-11-17
1068;44;4;625;2025-11-13;2025-11-18
1069;45;5;625;2025-11-14;2025-11-19
1070;46;4;375;2025-11-15;2025-11-20
1071;47;3;375;2025-11-16;2025-11-21
1072;48;2;250;2025-11-17;2025-11-22
1073;49;1;250;2025-11-18;2025-11-23
1074;50;2;375;2025-11-19;2025-11-24
1075;51;3;375;2025-11-20;2025-11-25
1076;52;4;625;2025-11-21;2025-11-26
1077;53;5;625;2025-11-22;2025-11-27
1078;54;4;375;2025-11-23;2025-11-28
1079;55;3;375;2025-11-24;2025-11-29
1080;56;2;250;2025-11-25;2025-11-30
1081;57;1;250;2025-11-26;2025-12-01
1082;58;2;375;2025-11-27;2025-12-02
1083;59;3;375;2025-11-28;2025-12-03
1084;60;4;625;2025-11-29;2025-12-04
1085;61;5;625;2025-11-30;2025-12-05
1086;62;4;375;2025-12-01;2025-12-06
1087;63;3;375;2025-12-02;2025-12-07
1088;64;2;250;2025-12-03;2025-12-08
1089;65;1;250;2025-12-04;2025-12-09
1090;66;2;375;2025-12-05;2025-12-10
1091;67;3;375;2025-12-06;2025-12-11
1092;68;4;625;2025-12-07;2025-12-12
1093;69;5;625;2025-12-08;2025-12-13
1094;70;4;375;2025-12-09;2025-12-14
1095;71;3;375;2025-12-10;2025-12-15
1096;72;2;250;2025-12-11;2025-12-16
1097;73;1;250;2025-12-12;2025-12-17
1098;74;2;375;2025-12-13;2025-12-18
1099;75;3;375;2025-12-14;2025-12-19
1100;76;4;625;2025-12-15;2025-12-20
1101;77;5;625;2025-12-16;2025-12-21
1102;78;4;375;2025-12-17;2025-12-22
1103;79;3;375;2025-12-18;2025-12-23
1104;80;2;250;2025-12-19;2025-12-24
1105;81;1;250;2025-12-20;2025-12-25
1106;82;2;375;2025-12-21;2025-12-26
1107;83;3;375;2025-12-22;2025-12-27
1108;84;4;625;2025-12-23;2025-12-28
1109;85;5;625;2025-12-24;2025-12-29
1110;86;4;375;2025-12-25;2025-12-30
1111;87;3;375;2025-12-26;2025-12-31
1112;88;2;250;2025-12-27;2026-01-01
1113;89;1;250;2025-12-28;2026-01-02
1114;90;2;375;2025-12-29;2026-01-03
1115;91;3;375;2025-12-30;2026-01-04
1116;92;4;625;2025-12-31;2026-01-05
1117;93;5;625;2026-01-01;2026-01-06
1118;94;4;375;2026-01-02;2026-01-07
1119;95;3;375;2026-01-03;2026-01-08
1120;96;2;250;2026-01-04;2026-01-09
1121;97;1;250;2026-01-05;2026-01-10
1122;98;2;375;2026-01-06;2026-01-11
1123;99;3;375;2026-01-07;2026-01-12
1124;100;4;625;2026-01-08;2026-01-13
1125;101;5;625;2026-01-09;2026-01-14
1126;102;4;375;2026-01-10;2026-01-15
1127;103;3;375;2026-01-11;2026-01-16
1128;104;2;250;2026-01-12;2026-01-17
1129;105;1;250;2026-01-13;2026-01-18
1130;106;2;375;2026-01-14;2026-01-19
1131;107;3;375;2026-01-15;2026-01-20
1132;108;4;625;2026-01-16;2026-01-21
1133;109;5;625;2026-01-17;2026-01-22
1134;110;4;375;2026-01-18;2026-01-23
1135;111;3;375;2026-01-19;2026-01-24
1136;112;2;250;2026-01-20;2026-01-25
1137;113;1;250;2026-01-21;2026-01-26
1138;114;2;375;2026-01-22;2026-01-27
1139;115;3;375;2026-01-23;2026-01-28
1140;116;4;625;2026-01-24;2026-01-29
1141;117;5;625;2026-01-25;2026-01-30
1142;118;4;375;2026-01-26;2026-01-31
1143;119;3;375;2026-01-27;2026-02-01
1144;120;2;250;2026-01-28;2026-02-02
1145;121;1;250;2026-01-29;2026-02-03
1146;122;2;375;2026-01-30;2026-02-04
1147;123;3;375;2026-01-31;2026-02-05
1148;124;4;625;2026-02-01;2026-02-06
1149;125;5;625;2026-02-02;2026-02-07
1150;126;4;375;2026-02-03;2026-02-08
1151;127;3;375;2026-02-04;2026-02-09
1152;128;2;250;2026-02-05;2026-02-10
1153;129;1;250;2026-02-06;2026-02-11
1154;130;2;375;2026-02-07;2026-02-12
1155;131;3;375;2026-02-08;2026-02-13
1156;132;4;625;2026-02-09;2026-02-14
1157;133;5;625;2026-02-10;2026-02-15
1158;134;4;375;2026-02-11;2026-02-16
1159;135;3;375;2026-02-12;2026-02-17
1160;136;2;250;2026-02-13;2026-02-18
1161;137;1;250;2026-02-14;2026-02-19
1162;138;2;375;2026-02-15;2026-02-20
1163;139;3;375;2026-02-16;2026-02-21
1164;140;4;625;2026-02-17;2026-02-22
1165;141;5;625;2026-02-18;2026-02-23
1166;142;4;375;2026-02-19;2026-02-24
1167;143;3;375;2026-02-20;2026-02-25
1168;144;2;250;2026-02-21;2026-02-26
1169;145;1;250;2026-02-22;2026-02-27
1170;146;2;375;2026-02-23;2026-02-28
1171;147;3;375;2026-02-24;2026-03-01
1172;148;4;625;2026-02-25;2026-03-02
1173;149;5;625;2026-02-26;2026-03-03
1174;150;4;375;2026-02-27;2026-03-04
1175;151;3;375;2026-02-28;2026-03-05
1176;152;2;250;2026-03-01;2026-03-06
1177;153;1;250;2026-03-02;2026-03-07
1178;154;2;375;2026-03-03;2026-03-08
1179;155;3;375;2026-03-04;2026-03-09
1180;156;4;625;2026-03-05;2026-03-10
1181;157;5;625;2026-03-06;2026-03-11
1182;158;4;375;2026-03-07;2026-03-12
1183;159;3;375;2026-03-08;2026-03-13
1184;160;2;250;2026-03-09;2026-03-14
1185;161;1;250;2026-03-10;2026-03-15
1186;162;2;375;2026-03-11;2026-03-16
1187;163;3;375;2026-03-12;2026-03-17
1188;164;4;625;2026-03-13;2026-03-18
1189;165;5;625;2026-03-14;2026-03-19
1190;166;4;375;2026-03-15;2026-03-20
1191;167;3;375;2026-03-16;2026-03-21
1192;168;2;250;2026-03-17;2026-03-22
1193;169;1;250;2026-03-18;2026-03-23
1194;170;2;375;2026-03-19;2026-03-24
1195;171;3;375;2026-03-20;2026-03-25
1196;172;4;625;2026-03-21;2026-03-26
1197;173;5;625;2026-03-22;2026-03-27
1198;174;4;375;2026-03-23;2026-03-28
1199;175;3;375;2026-03-24;2026-03-29
1200;176;2;250;2026-03-25;2026-03-30
1201;177;1;250;2026-03-26;2026-03-31
1202;178;2;375;2026-03-27;2026-04-01
1203;179;3;375;2026-03-28;2026-04-02
1204;180;4;625;2026-03-29;2026-04-03
1205;181;5;625;2026-03-30;2026-04-04
1206;182;4;375;2026-03-31;2026-04-05
1207;183;3;375;2026-04-01;2026-04-06
1208;184;2;250;2026-04-02;2026-04-07
1209;185;1;250;2026-04-03;2026-04-08
1210;186;2;375;2026-04-04;2026-04-09
1211;187;3;375;2026-04-05;2026-04-10
1212;188;4;625;2026-04-06;2026-04-11
1213;189;5;625;2026-04-07;2026-04-12
1214;190;4;375;2026-04-08;2026-04-13
1215;191;3;375;2026-04-09;2026-04-14
1216;192;2;250;2026-04-10;2026-04-15
1217;193;1;250;2026-04-11;2026-04-16
1218;194;2;375;2026-04-12;2026-04-17
1219;195;3;375;2026-04-13;2026-04-18
1220;196;4;625;2026-04-14;2026-04-19
1221;197;5;625;2026-04-15;2026-04-20
1222;198;4;375;2026-04-16;2026-04-21
1223;199;3;375;2026-04-17;2026-04-22
1224;200;2;250;2026-04-18;2026-04-23
1225;201;1;250;2026-04-19;2026-04-24
1226;202;2;375;2026-04-20;2026-04-25
1227;203;3;375;2026-04-21;2026-04-26
1228;204;4;625;2026-04-22;2026-04-27
1229;205;5;625;2026-04-23;2026-04-28
1230;206;4;375;2026-04-24;2026-04-29
1231;207;3;375;2026-04-25;2026-04-30
1232;208;2;250;2026-04-26;2026-05-01
1233;209;1;250;2026-04-27;2026-05-02
1234;210;2;375;2026-04-28;2026-05-03
1235;211;3;375;2026-04-29;2026-05-04
1236;212;4;625;2026-04-30;2026-05-05
1237;213;5;625;2026-05-01;2026-05-06
1238;214;4;375;2026-05-02;2026-05-07
1239;215;3;375;2026-05-03;2026-05-08
1240;216;2;250;2026-05-04;2026-05-09
1241;217;1;250;2026-05-05;2026-05-10
1242;218;2;375;2026-05-06;2026-05-11
1243;219;3;375;2026-05-07;2026-05-12
1244;220;4;625;2026-05-08;2026-05-13
1245;221;5;625;2026-05-09;2026-05-14
1246;222;4;375;2026-05-10;2026-05-15
1247;223;3;375;2026-05-11;2026-05-16
1248;224;2;250;2026-05-12;2026-05-17
1249;225;1;250;2026-05-13;2026-05-18
1250;226;2;375;2026-05-14;2026-05-19
1251;227;3;375;2026-05-15;2026-05-20
1252;228;4;625;2026-05-16;2026-05-21
1253;229;5;625;2026-05-17;2026-05-22
1254;230;4;375;2026-05-18;2026-05-23
1255;231;3;375;2026-05-19;2026-05-24
1256;232;2;250;2026-05-20;2026-05-25
1257;233;1;250;2026-05-21;2026-05-26
1258;234;2;375;2026-05-22;2026-05-27
1259;235;3;375;2026-05-23;2026-05-28
1260;236;4;625;2026-05-24;2026-05-29
1261;237;5;625;2026-05-25;2026-05-30
1262;238;4;375;2026-05-26;2026-05-31
1263;239;3;375;2026-05-27;2026-06-01
1264;240;2;250;2026-05-28;2026-06-02
1265;241;1;250;2026-05-29;2026-06-03
1266;242;2;375;2026-05-30;2026-06-04
1267;243;3;375;2026-05-31;2026-06-05
1268;244;4;625;2026-06-01;2026-06-06
1269;245;5;625;2026-06-02;2026-06-07
1270;246;4;375;2026-06-03;2026-06-08
1271;247;3;375;2026-06-04;2026-06-09
1272;248;2;250;2026-06-05;2026-06-10
1273;249;1;250;2026-06-06;2026-06-11
1274;250;2;375;2026-06-07;2026-06-12
1275;251;3;375;2026-06-08;2026-06-13
1276;252;4;625;2026-06-09;2026-06-14
1277;253;5;625;2026-06-10;2026-06-15
1278;254;4;375;2026-06-11;2026-06-16
1279;255;3;375;2026-06-12;2026-06-17
1280;256;2;250;2026-06-13;2026-06-18
1281;257;1;250;2026-06-14;2026-06-19
1282;258;2;375;2026-06-15;2026-06-20
1283;259;3;375;2026-06-16;2026-06-21
1284;260;4;625;2026-06-17;2026-06-22
1285;261;5;625;2026-06-18;2026-06-23
1286;262;4;375;2026-06-19;2026-06-24
1287;263;3;375;2026-06-20;2026-06-25
1288;264;2;250;2026-06-21;2026-06-26
1289;265;1;250;2026-06-22;2026-06-27
1290;266;2;375;2026-06-23;2026-06-28
1291;267;3;375;2026-06-24;2026-06-29
1292;268;4;625;2026-06-25;2026-06-30
1293;269;5;625;2026-06-26;2026-07-01
1294;270;4;375;2026-06-27;2026-07-02
1295;271;3;375;2026-06-28;2026-07-03
1296;272;2;250;2026-06-29;2026-07-04
1297;273;1;250;2026-06-30;2026-07-05
1298;274;2;375;2026-07-01;2026-07-06
1299;275;3;375;2026-07-02;2026-07-07
1300;276;4;625;2026-07-03;2026-07-08
1301;277;5;625;2026-07-04;2026-07-09
1302;278;4;375;2026-07-05;2026-07-10
1303;279;3;375;2026-07-06;2026-07-11
1304;280;2;250;2026-07-07;2026-07-12
1305;281;1;250;2026-07-08;2026-07-13
1306;282;2;375;2026-07-09;2026-07-14
1307;283;3;375;2026-07-10;2026-07-15
1308;284;4;625;2026-07-11;2026-07-16
1309;285;5;625;2026-07-12;2026-07-17
1310;286;4;375;2026-07-13;2026-07-18
1311;287;3;375;2026-07-14;2026-07-19
1312;288;2;250;2026-07-15;2026-07-20
1313;289;1;250;2026-07-16;2026-07-21
1314;290;2;375;2026-07-17;2026-07-22
1315;291;3;375;2026-07-18;2026-07-23
1316;292;4;625;2026-07-19;2026-07-24
1317;293;5;625;2026-07-20;2026-07-25
1318;294;4;375;2026-07-21;2026-07-26
1319;295;3;375;2026-07-22;2026-07-27
1320;296;2;250;2026-07-23;2026-07-28
1321;297;1;250;2026-07-24;2026-07-29
1322;298;2;375;2026-07-25;2026-07-30
1323;299;3;375;2026-07-26;2026-07-31
1324;300;4;625;2026-07-27;2026-08-01
1325;301;5;625;2026-07-28;2026-08-02
1326;302;4;375;2026-07-29;2026-08-03
1327;303;3;375;2026-07-30;2026-08-04
1328;304;2;250;2026-07-31;2026-08-05
1329;305;1;250;2026-08-01;2026-08-06
1330;306;2;375;2026-08-02;2026-08-07
1331;307;3;375;2026-08-03;2026-08-08
1332;308;4;625;2026-08-04;2026-08-09
1333;309;5;625;2026-08-05;2026-08-10
1334;310;4;375;2026-08-06;2026-08-11
1335;311;3;375;2026-08-07;2026-08-12
1336;312;2;250;2026-08-08;2026-08-13
1337;313;1;250;2026-08-09;2026-08-14
1338;314;2;375;2026-08-10;2026-08-15
1339;315;3;375;2026-08-11;2026-08-16
1340;316;4;625;2026-08-12;2026-08-17
1341;317;5;625;2026-08-13;2026-08-18
1342;318;4;375;2026-08-14;2026-08-19
1343;319;3;375;2026-08-15;2026-08-20
1344;320;2;250;2026-08-16;2026-08-21
1345;321;1;250;2026-08-17;2026-08-22
1346;322;2;375;2026-08-18;2026-08-23
1347;323;3;375;2026-08-19;2026-08-24
1348;324;4;625;2026-08-20;2026-08-25
1349;325;5;625;2026-08-21;2026-08-26
1350;326;4;375;2026-08-22;2026-08-27
1351;327;3;375;2026-08-23;2026-08-28
1352;328;2;250;2026-08-24;2026-08-29
1353;329;1;250;2026-08-25;2026-08-30
1354;330;2;375;2026-08-26;2026-08-31
1355;331;3;375;2026-08-27;2026-09-01
1356;332;4;625;2026-08-28;2026-09-02
1357;333;5;625;2026-08-29;2026-09-03
1358;334;4;375;2026-08-30;2026-09-04
1359;335;3;375;2026-08-31;2026-09-05
1360;336;2;250;2026-09-01;2026-09-06
1361;337;1;250;2026-09-02;2026-09-07
1362;338;2;375;2026-09-03;2026-09-08
1363;339;3;375;2026-09-04;2026-09-09
1364;340;4;625;2026-09-05;2026-09-10
1365;341;5;625;2026-09-06;2026-09-11
1366;342;4;375;2026-09-07;2026-09-12
1367;343;3;375;2026-09-08;2026-09-13
1368;344;2;250;2026-09-09;2026-09-14
1369;345;1;250;2026-09-10;2026-09-15
1370;346;2;375;2026-09-11;2026-09-16
1371;347;3;375;2026-09-12;2026-09-17
1372;348;4;625;2026-09-13;2026-09-18
1373;349;5;625;2026-09-14;2026-09-19
1374;350;4;375;2026-09-15;2026-09-20
1375;351;3;375;2026-09-16;2026-09-21
1376;352;2;250;2026-09-17;2026-09-22
1377;353;1;250;2026-09-18;2026-09-23
1378;354;2;375;2026-09-19;2026-09-24
1379;355;3;375;2026-09-20;2026-09-25
1380;356;4;625;2026-09-21;2026-09-26
1381;357;5;625;2026-09-22;2026-09-27
1382;358;4;375;2026-09-23;2026-09-28
1383;359;3;375;2026-09-24;2026-09-29
1384;360;2;250;2026-09-25;2026-09-30
1385;361;1;250;2026-09-26;2026-10-01
1386;362;2;375;2026-09-27;2026-10-02
1387;363;3;375;2026-09-28;2026-10-03
1388;364;4;625;2026-09-29;2026-10-04
1389;365;5;625;2026-09-30;2026-10-05
1390;366;4;375;2026-10-01;2026-10-06
1391;367;3;375;2026-10-02;2026-10-07
1392;368;2;250;2026-10-03;2026-10-08
1393;369;1;250;2026-10-04;2026-10-09
1394;370;2;375;2026-10-05;2026-10-10
1395;371;3;375;2026-10-06;2026-10-11
1396;372;4;625;2026-10-07;2026-10-12
1397;373;5;625;2026-10-08;2026-10-13
1398;374;4;375;2026-10-09;2026-10-14
1399;375;3;375;2026-10-10;2026-10-15
1400;376;2;250;2026-10-11;2026-10-16
1401;377;1;250;2026-10-12;2026-10-17
1402;378;2;375;2026-10-13;2026-10-18
1403;379;3;375;2026-10-14;2026-10-19
1404;380;4;625;2026-10-15;2026-10-20
1405;381;5;625;2026-10-16;2026-10-21
1406;382;4;375;2026-10-17;2026-10-22
1407;383;3;375;2026-10-18;2026-10-23
1408;384;2;250;2026-10-19;2026-10-24
1409;385;1;250;2026-10-20;2026-10-25
1410;386;2;375;2026-10-21;2026-10-26
1411;387;3;375;2026-10-22;2026-10-27
1412;388;4;625;2026-10-23;2026-10-28
1413;389;5;625;2026-10-24;2026-10-29
1414;390;4;375;2026-10-25;2026-10-30
1415;391;3;375;2026-10-26;2026-10-31
1416;392;2;250;2026-10-27;2026-11-01
1417;393;1;250;2026-10-28;2026-11-02
1418;394;2;375;2026-10-29;2026-11-03
1419;395;3;375;2026-10-30;2026-11-04
1420;396;4;625;2026-10-31;2026-11-05
1421;397;5;625;2026-11-01;2026-11-06
1422;398;4;375;2026-11-02;2026-11-07
1423;399;3;375;2026-11-03;2026-11-08
1424;400;2;250;2026-11-04;2026-11-09
1425;401;1;250;2026-11-05;2026-11-10
1426;402;2;375;2026-11-06;2026-11-11
1427;403;3;375;2026-11-07;2026-11-12
1428;404;4;625;2026-11-08;2026-11-13
1429;405;5;625;2026-11-09;2026-11-14
1430;406;4;375;2026-11-10;2026-11-15
1431;407;3;375;2026-11-11;2026-11-16
1432;408;2;250;2026-11-12;2026-11-17
1433;409;1;250;2026-11-13;2026-11-18
1434;410;2;375;2026-11-14;2026-11-19
1435;411;3;375;2026-11-15;2026-11-20
1436;412;4;625;2026-11-16;2026-11-21
1437;413;5;625;2026-11-17;2026-11-22
1438;414;4;375;2026-11-18;2026-11-23
1439;415;3;375;2026-11-19;2026-11-24
1440;416;2;250;2026-11-20;2026-11-25
1441;417;1;250;2026-11-21;2026-11-26
1442;418;2;375;2026-11-22;2026-11-27
1443;419;3;375;2026-11-23;2026-11-28
1444;420;4;625;2026-11-24;2026-11-29
1445;421;5;625;2026-11-25;2026-11-30
1446;422;4;375;2026-11-26;2026-12-01
1447;423;3;375;2026-11-27;2026-12-02
1448;424;2;250;2026-11-28;2026-12-03
1449;425;1;250;2026-11-29;2026-12-04
1450;426;2;375;2026-11-30;2026-12-05
1451;427;3;375;2026-12-01;2026-12-06
1452;428;4;625;2026-12-02;2026-12-07
1453;429;5;625;2026-12-03;2026-12-08
1454;430;4;375;2026-12-04;2026-12-09
1455;431;3;375;2026-12-05;2026-12-10
1456;432;2;250;2026-12-06;2026-12-11
1457;433;1;250;2026-12-07;2026-12-12
1458;434;2;375;2026-12-08;2026-12-13
1459;435;3;375;2026-12-09;2026-12-14
1460;436;4;625;2026-12-10;2026-12-15
1461;437;5;625;2026-12-11;2026-12-16
1462;438;4;375;2026-12-12;2026-12-17
1463;439;3;375;2026-12-13;2026-12-18
1464;440;2;250;2026-12-14;2026-12-19
1465;441;1;250;2026-12-15;2026-12-20
1466;442;2;375;2026-12-16;2026-12-21
1467;443;3;375;2026-12-17;2026-12-22
1468;444;4;625;2026-12-18;2026-12-23
1469;445;5;625;2026-12-19;2026-12-24
1470;446;4;375;2026-12-20;2026-12-25
1471;447;3;375;2026-12-21;2026-12-26
1472;448;2;250;2026-12-22;2026-12-27
1473;449;1;250;2026-12-23;2026-12-28
1474;450;2;375;2026-12-24;2026-12-29
1475;451;3;375;2026-12-25;2026-12-30
1476;452;4;625;2026-12-26;2026-12-31
1477;453;5;625;2026-12-27;2027-01-01
1478;454;4;375;2026-12-28;2027-01-02
1479;455;3;375;2026-12-29;2027-01-03
1480;456;2;250;2026-12-30;2027-01-04
1481;457;1;250;2026-12-31;2027-01-05
1482;458;2;375;2027-01-01;2027-01-06
1483;459;3;375;2027-01-02;2027-01-07
1484;460;4;625;2027-01-03;2027-01-08
1485;461;5;625;2027-01-04;2027-01-09
1486;462;4;375;2027-01-05;2027-01-10
1487;463;3;375;2027-01-06;2027-01-11
1488;464;2;250;2027-01-07;2027-01-12
1489;465;1;250;2027-01-08;2027-01-13
1490;466;2;375;2027-01-09;2027-01-14
1491;467;3;375;2027-01-10;2027-01-15
1492;468;4;625;2027-01-11;2027-01-16
1493;469;5;625;2027-01-12;2027-01-17
1494;470;4;375;2027-01-13;2027-01-18
1495;471;3;375;2027-01-14;2027-01-19
1496;472;2;250;2027-01-15;2027-01-20
1497;473;1;250;2027-01-16;2027-01-21
1498;474;2;375;2027-01-17;2027-01-22
1499;475;3;375;2027-01-18;2027-01-23
1500;476;4;625;2027-01-19;2027-01-24
1501;477;5;625;2027-01-20;2027-01-25
1502;478;4;375;2027-01-21;2027-01-26
1503;479;3;375;2027-01-22;2027-01-27
1504;480;2;250;2027-01-23;2027-01-28
1505;481;1;250;2027-01-24;2027-01-29
1506;482;2;375;2027-01-25;2027-01-30
1507;483;3;375;2027-01-26;2027-01-31
1508;484;4;625;2027-01-27;2027-02-01
1509;485;5;625;2027-01-28;2027-02-02
1510;486;4;375;2027-01-29;2027-02-03
1511;487;3;375;2027-01-30;2027-02-04
1512;488;2;250;2027-01-31;2027-02-05
1513;489;1;250;2027-02-01;2027-02-06
1514;490;2;375;2027-02-02;2027-02-07
1515;491;3;375;2027-02-03;2027-02-08
1516;492;4;625;2027-02-04;2027-02-09
1517;493;5;625;2027-02-05;2027-02-10
1518;494;4;375;2027-02-06;2027-02-11
1519;495;3;375;2027-02-07;2027-02-12
1520;496;2;250;2027-02-08;2027-02-13
1521;497;1;250;2027-02-09;2027-02-14
1522;498;2;375;2027-02-10;2027-02-15
1523;499;3;375;2027-02-11;2027-02-16
1524;500;4;625;2027-02-12;2027-02-17
1525;501;5;625;2027-02-13;2027-02-18
1526;502;4;375;2027-02-14;2027-02-19
1527;503;3;375;2027-02-15;2027-02-20
1528;504;2;250;2027-02-16;2027-02-21
1529;505;1;250;2027-02-17;2027-02-22
1530;506;2;375;2027-02-18;2027-02-23
1531;507;3;375;2027-02-19;2027-02-24
1532;508;4;625;2027-02-20;2027-02-25
1533;509;5;625;2027-02-21;2027-02-26
1534;510;4;375;2027-02-22;2027-02-27
1535;511;3;375;2027-02-23;2027-02-28
1536;512;2;250;2027-02-24;2027-03-01
1537;1;1;250;2027-02-25;2027-03-02
1538;2;2;375;2027-02-26;2027-03-03
1539;3;3;375;2027-02-27;2027-03-04
1540;4;4;625;2027-02-28;2027-03-05
1541;5;5;625;2027-03-01;2027-03-06
1542;6;4;375;2027-03-02;2027-03-07
1543;7;3;375;2027-03-03;2027-03-08
1544;8;2;250;2027-03-04;2027-03-09
1545;9;1;250;2027-03-05;2027-03-10
1546;10;2;375;2027-03-06;2027-03-11
1547;11;3;375;2027-03-07;2027-03-12
1548;12;4;625;2027-03-08;2027-03-13
1549;13;5;625;2027-03-09;2027-03-14
1550;14;4;375;2027-03-10;2027-03-15
1551;15;3;375;2027-03-11;2027-03-16
1552;16;2;250;2027-03-12;2027-03-17
1553;17;1;250;2027-03-13;2027-03-18
1554;18;2;375;2027-03-14;2027-03-19
1555;19;3;375;2027-03-15;2027-03-20
1556;20;4;625;2027-03-16;2027-03-21
1557;21;5;625;2027-03-17;2027-03-22
1558;22;4;375;2027-03-18;2027-03-23
1559;23;3;375;2027-03-19;2027-03-24
1560;24;2;250;2027-03-20;2027-03-25
1561;25;1;250;2027-03-21;2027-03-26
1562;26;2;375;2027-03-22;2027-03-27
1563;27;3;375;2027-03-23;2027-03-28
1564;28;4;625;2027-03-24;2027-03-29
1565;29;5;625;2027-03-25;2027-03-30
1566;30;4;375;2027-03-26;2027-03-31
1567;31;3;375;2027-03-27;2027-04-01
1568;32;2;250;2027-03-28;2027-04-02
1569;33;1;250;2027-03-29;2027-04-03
1570;34;2;375;2027-03-30;2027-04-04
1571;35;3;375;2027-03-31;2027-04-05
1572;36;4;625;2027-04-01;2027-04-06
1573;37;5;625;2027-04-02;2027-04-07
1574;38;4;375;2027-04-03;2027-04-08
1575;39;3;375;2027-04-04;2027-04-09
1576;40;2;250;2027-04-05;2027-04-10
1577;41;1;250;2027-04-06;2027-04-11
1578;42;2;375;2027-04-07;2027-04-12
1579;43;3;375;2027-04-08;2027-04-13
1580;44;4;625;2027-04-09;2027-04-14
1581;45;5;625;2027-04-10;2027-04-15
1582;46;4;375;2027-04-11;2027-04-16
1583;47;3;375;2027-04-12;2027-04-17
1584;48;2;250;2027-04-13;2027-04-18
1585;49;1;250;2027-04-14;2027-04-19
1586;50;2;375;2027-04-15;2027-04-20
1587;51;3;375;2027-04-16;2027-04-21
1588;52;4;625;2027-04-17;2027-04-22
1589;53;5;625;2027-04-18;2027-04-23
1590;54;4;375;2027-04-19;2027-04-24
1591;55;3;375;2027-04-20;2027-04-25
1592;56;2;250;2027-04-21;2027-04-26
1593;57;1;250;2027-04-22;2027-04-27
1594;58;2;375;2027-04-23;2027-04-28
1595;59;3;375;2027-04-24;2027-04-29
1596;60;4;625;2027-04-25;2027-04-30
1597;61;5;625;2027-04-26;2027-05-01
1598;62;4;375;2027-04-27;2027-05-02
1599;63;3;375;2027-04-28;2027-05-03
1600;64;2;250;2027-04-29;2027-05-04
1601;65;1;250;2027-04-30;2027-05-05
1602;66;2;375;2027-05-01;2027-05-06
1603;67;3;375;2027-05-02;2027-05-07
1604;68;4;625;2027-05-03;2027-05-08
1605;69;5;625;2027-05-04;2027-05-09
1606;70;4;375;2027-05-05;2027-05-10
1607;71;3;375;2027-05-06;2027-05-11
1608;72;2;250;2027-05-07;2027-05-12
1609;73;1;250;2027-05-08;2027-05-13
1610;74;2;375;2027-05-09;2027-05-14
1611;75;3;375;2027-05-10;2027-05-15
1612;76;4;625;2027-05-11;2027-05-16
1613;77;5;625;2027-05-12;2027-05-17
1614;78;4;375;2027-05-13;2027-05-18
1615;79;3;375;2027-05-14;2027-05-19
1616;80;2;250;2027-05-15;2027-05-20
1617;81;1;250;2027-05-16;2027-05-21
1618;82;2;375;2027-05-17;2027-05-22
1619;83;3;375;2027-05-18;2027-05-23
1620;84;4;625;2027-05-19;2027-05-24
1621;85;5;625;2027-05-20;2027-05-25
1622;86;4;375;2027-05-21;2027-05-26
1623;87;3;375;2027-05-22;2027-05-27
1624;88;2;250;2027-05-23;2027-05-28
1625;89;1;250;2027-05-24;2027-05-29
1626;90;2;375;2027-05-25;2027-05-30
1627;91;3;375;2027-05-26;2027-05-31
1628;92;4;625;2027-05-27;2027-06-01
1629;93;5;625;2027-05-28;2027-06-02
1630;94;4;375;2027-05-29;2027-06-03
1631;95;3;375;2027-05-30;2027-06-04
1632;96;2;250;2027-05-31;2027-06-05
1633;97;1;250;2027-06-01;2027-06-06
1634;98;2;375;2027-06-02;2027-06-07
1635;99;3;375;2027-06-03;2027-06-08
1636;100;4;625;2027-06-04;2027-06-09
1637;101;5;625;2027-06-05;2027-06-10
1638;102;4;375;2027-06-06;2027-06-11
1639;103;3;375;2027-06-07;2027-06-12
1640;104;2;250;2027-06-08;2027-06-13
1641;105;1;250;2027-06-09;2027-06-14
1642;106;2;375;2027-06-10;2027-06-15
1643;107;3;375;2027-06-11;2027-06-16
1644;108;4;625;2027-06-12;2027-06-17
1645;109;5;625;2027-06-13;2027-06-18
1646;110;4;375;2027-06-14;2027-06-19
1647;111;3;375;2027-06-15;2027-06-20
1648;112;2;250;2027-06-16;2027-06-21
1649;113;1;250;2027-06-17;2027-06-22
1650;114;2;375;2027-06-18;2027-06-23
1651;115;3;375;2027-06-19;2027-06-24
1652;116;4;625;2027-06-20;2027-06-25
1653;117;5;625;2027-06-21;2027-06-26
1654;118;4;375;2027-06-22;2027-06-27
1655;119;3;375;2027-06-23;2027-06-28
1656;120;2;250;2027-06-24;2027-06-29
1657;121;1;250;2027-06-25;2027-06-30
1658;122;2;375;2027-06-26;2027-07-01
1659;123;3;375;2027-06-27;2027-07-02
1660;124;4;625;2027-06-28;2027-07-03
1661;125;5;625;2027-06-29;2027-07-04
1662;126;4;375;2027-06-30;2027-07-05
1663;127;3;375;2027-07-01;2027-07-06
1664;128;2;250;2027-07-02;2027-07-07
1665;129;1;250;2027-07-03;2027-07-08
1666;130;2;375;2027-07-04;2027-07-09
1667;131;3;375;2027-07-05;2027-07-10
1668;132;4;625;2027-07-06;2027-07-11
1669;133;5;625;2027-07-07;2027-07-12
1670;134;4;375;2027-07-08;2027-07-13
1671;135;3;375;2027-07-09;2027-07-14
1672;136;2;250;2027-07-10;2027-07-15
1673;137;1;250;2027-07-11;2027-07-16
1674;138;2;375;2027-07-12;2027-07-17
1675;139;3;375;2027-07-13;2027-07-18
1676;140;4;625;2027-07-14;2027-07-19
1677;141;5;625;2027-07-15;2027-07-20
1678;142;4;375;2027-07-16;2027-07-21
1679;143;3;375;2027-07-17;2027-07-22
1680;144;2;250;2027-07-18;2027-07-23
1681;145;1;250;2027-07-19;2027-07-24
1682;146;2;375;2027-07-20;2027-07-25
1683;147;3;375;2027-07-21;2027-07-26
1684;148;4;625;2027-07-22;2027-07-27
1685;149;5;625;2027-07-23;2027-07-28
1686;150;4;375;2027-07-24;2027-07-29
1687;151;3;375;2027-07-25;2027-07-30
1688;152;2;250;2027-07-26;2027-07-31
1689;153;1;250;2027-07-27;2027-08-01
1690;154;2;375;2027-07-28;2027-08-02
1691;155;3;375;2027-07-29;2027-08-03
1692;156;4;625;2027-07-30;2027-08-04
1693;157;5;625;2027-07-31;2027-08-05
1694;158;4;375;2027-08-01;2027-08-06
1695;159;3;375;2027-08-02;2027-08-07
1696;160;2;250;2027-08-03;2027-08-08
1697;161;1;250;2027-08-04;2027-08-09
1698;162;2;375;2027-08-05;2027-08-10
1699;163;3;375;2027-08-06;2027-08-11
1700;164;4;625;2027-08-07;2027-08-12
1701;165;5;625;2027-08-08;2027-08-13
1702;166;4;375;2027-08-09;2027-08-14
1703;167;3;375;2027-08-10;2027-08-15
1704;168;2;250;2027-08-11;2027-08-16
1705;169;1;250;2027-08-12;2027-08-17
1706;170;2;375;2027-08-13;2027-08-18
1707;171;3;375;2027-08-14;2027-08-19
1708;172;4;625;2027-08-15;2027-08-20
1709;173;5;625;2027-08-16;2027-08-21
1710;174;4;375;2027-08-17;2027-08-22
1711;175;3;375;2027-08-18;2027-08-23
1712;176;2;250;2027-08-19;2027-08-24
1713;177;1;250;2027-08-20;2027-08-25
1714;178;2;375;2027-08-21;2027-08-26
1715;179;3;375;2027-08-22;2027-08-27
1716;180;4;625;2027-08-23;2027-08-28
1717;181;5;625;2027-08-24;2027-08-29
1718;182;4;375;2027-08-25;2027-08-30
1719;183;3;375;2027-08-26;2027-08-31
1720;184;2;250;2027-08-27;2027-09-01
1721;185;1;250;2027-08-28;2027-09-02
1722;186;2;375;2027-08-29;2027-09-03
1723;187;3;375;2027-08-30;2027-09-04
1724;188;4;625;2027-08-31;2027-09-05
1725;189;5;625;2027-09-01;2027-09-06
1726;190;4;375;2027-09-02;2027-09-07
1727;191;3;375;2027-09-03;2027-09-08
1728;192;2;250;2027-09-04;2027-09-09
1729;193;1;250;2027-09-05;2027-09-10
1730;194;2;375;2027-09-06;2027-09-11
1731;195;3;375;2027-09-07;2027-09-12
1732;196;4;625;2027-09-08;2027-09-13
1733;197;5;625;2027-09-09;2027-09-14
1734;198;4;375;2027-09-10;2027-09-15
1735;199;3;375;2027-09-11;2027-09-16
1736;200;2;250;2027-09-12;2027-09-17
1737;201;1;250;2027-09-13;2027-09-18
1738;202;2;375;2027-09-14;2027-09-19
1739;203;3;375;2027-09-15;2027-09-20
1740;204;4;625;2027-09-16;2027-09-21
1741;205;5;625;2027-09-17;2027-09-22
1742;206;4;375;2027-09-18;2027-09-23
1743;207;3;375;2027-09-19;2027-09-24
1744;208;2;250;2027-09-20;2027-09-25
1745;209;1;250;2027-09-21;2027-09-26
1746;210;2;375;2027-09-22;2027-09-27
1747;211;3;375;2027-09-23;2027-09-28
1748;212;4;625;2027-09-24;2027-09-29
1749;213;5;625;2027-09-25;2027-09-30
1750;214;4;375;2027-09-26;2027-10-01
1751;215;3;375;2027-09-27;2027-10-02
1752;216;2;250;2027-09-28;2027-10-03
1753;217;1;250;2027-09-29;2027-10-04
1754;218;2;375;2027-09-30;2027-10-05
1755;219;3;375;2027-10-01;2027-10-06
1756;220;4;625;2027-10-02;2027-10-07
1757;221;5;625;2027-10-03;2027-10-08
1758;222;4;375;2027-10-04;2027-10-09
1759;223;3;375;2027-10-05;2027-10-10
1760;224;2;250;2027-10-06;2027-10-11
1761;225;1;250;2027-10-07;2027-10-12
1762;226;2;375;2027-10-08;2027-10-13
1763;227;3;375;2027-10-09;2027-10-14
1764;228;4;625;2027-10-10;2027-10-15
1765;229;5;625;2027-10-11;2027-10-16
1766;230;4;375;2027-10-12;2027-10-17
1767;231;3;375;2027-10-13;2027-10-18
1768;232;2;250;2027-10-14;2027-10-19
1769;233;1;250;2027-10-15;2027-10-20
1770;234;2;375;2027-10-16;2027-10-21
1771;235;3;375;2027-10-17;2027-10-22
1772;236;4;625;2027-10-18;2027-10-23
1773;237;5;625;2027-10-19;2027-10-24
1774;238;4;375;2027-10-20;2027-10-25
1775;239;3;375;2027-10-21;2027-10-26
1776;240;2;250;2027-10-22;2027-10-27
1777;241;1;250;2027-10-23;2027-10-28
1778;242;2;375;2027-10-24;2027-10-29
1779;243;3;375;2027-10-25;2027-10-30
1780;244;4;625;2027-10-26;2027-10-31
1781;245;5;625;2027-10-27;2027-11-01
1782;246;4;375;2027-10-28;2027-11-02
1783;247;3;375;2027-10-29;2027-11-03
1784;248;2;250;2027-10-30;2027-11-04
1785;249;1;250;2027-10-31;2027-11-05
1786;250;2;375;2027-11-01;2027-11-06
1787;251;3;375;2027-11-02;2027-11-07
1788;252;4;625;2027-11-03;2027-11-08
1789;253;5;625;2027-11-04;2027-11-09
1790;254;4;375;2027-11-05;2027-11-10
1791;255;3;375;2027-11-06;2027-11-11
1792;256;2;250;2027-11-07;2027-11-12
1793;257;1;250;2027-11-08;2027-11-13
1794;258;2;375;2027-11-09;2027-11-14
1795;259;3;375;2027-11-10;2027-11-15
1796;260;4;625;2027-11-11;2027-11-16
1797;261;5;625;2027-11-12;2027-11-17
1798;262;4;375;2027-11-13;2027-11-18
1799;263;3;375;2027-11-14;2027-11-19
1800;264;2;250;2027-11-15;2027-11-20
1801;265;1;250;2027-11-16;2027-11-21
1802;266;2;375;2027-11-17;2027-11-22
1803;267;3;375;2027-11-18;2027-11-23
1804;268;4;625;2027-11-19;2027-11-24
1805;269;5;625;2027-11-20;2027-11-25
1806;270;4;375;2027-11-21;2027-11-26
1807;271;3;375;2027-11-22;2027-11-27
1808;272;2;250;2027-11-23;2027-11-28
1809;273;1;250;2027-11-24;2027-11-29
1810;274;2;375;2027-11-25;2027-11-30
1811;275;3;375;2027-11-26;2027-12-01
1812;276;4;625;2027-11-27;2027-12-02
1813;277;5;625;2027-11-28;2027-12-03
1814;278;4;375;2027-11-29;2027-12-04
1815;279;3;375;2027-11-30;2027-12-05
1816;280;2;250;2027-12-01;2027-12-06
1817;281;1;250;2027-12-02;2027-12-07
1818;282;2;375;2027-12-03;2027-12-08
1819;283;3;375;2027-12-04;2027-12-09
1820;284;4;625;2027-12-05;2027-12-10
1821;285;5;625;2027-12-06;2027-12-11
1822;286;4;375;2027-12-07;2027-12-12
1823;287;3;375;2027-12-08;2027-12-13
1824;288;2;250;2027-12-09;2027-12-14
1825;289;1;250;2027-12-10;2027-12-15
1826;290;2;375;2027-12-11;2027-12-16
1827;291;3;375;2027-12-12;2027-12-17
1828;292;4;625;2027-12-13;2027-12-18
1829;293;5;625;2027-12-14;2027-12-19
1830;294;4;375;2027-12-15;2027-12-20
1831;295;3;375;2027-12-16;2027-12-21
1832;296;2;250;2027-12-17;2027-12-22
1833;297;1;250;2027-12-18;2027-12-23
1834;298;2;375;2027-12-19;2027-12-24
1835;299;3;375;2027-12-20;2027-12-25
1836;300;4;625;2027-12-21;2027-12-26
1837;301;5;625;2027-12-22;2027-12-27
1838;302;4;375;2027-12-23;2027-12-28
1839;303;3;375;2027-12-24;2027-12-29
1840;304;2;250;2027-12-25;2027-12-30
1841;305;1;250;2027-12-26;2027-12-31
1842;306;2;375;2027-12-27;2028-01-01
1843;307;3;375;2027-12-28;2028-01-02
1844;308;4;625;2027-12-29;2028-01-03
1845;309;5;625;2027-12-30;2028-01-04
1846;310;4;375;2027-12-31;2028-01-05
1847;311;3;375;2028-01-01;2028-01-06
1848;312;2;250;2028-01-02;2028-01-07
1849;313;1;250;2028-01-03;2028-01-08
1850;314;2;375;2028-01-04;2028-01-09
1851;315;3;375;2028-01-05;2028-01-10
1852;316;4;625;2028-01-06;2028-01-11
1853;317;5;625;2028-01-07;2028-01-12
1854;318;4;375;2028-01-08;2028-01-13
1855;319;3;375;2028-01-09;2028-01-14
1856;320;2;250;2028-01-10;2028-01-15
1857;321;1;250;2028-01-11;2028-01-16
1858;322;2;375;2028-01-12;2028-01-17
1859;323;3;375;2028-01-13;2028-01-18
1860;324;4;625;2028-01-14;2028-01-19
1861;325;5;625;2028-01-15;2028-01-20
1862;326;4;375;2028-01-16;2028-01-21
1863;327;3;375;2028-01-17;2028-01-22
1864;328;2;250;2028-01-18;2028-01-23
1865;329;1;250;2028-01-19;2028-01-24
1866;330;2;375;2028-01-20;2028-01-25
1867;331;3;375;2028-01-21;2028-01-26
1868;332;4;625;2028-01-22;2028-01-27
1869;333;5;625;2028-01-23;2028-01-28
1870;334;4;375;2028-01-24;2028-01-29
1871;335;3;375;2028-01-25;2028-01-30
1872;336;2;250;2028-01-26;2028-01-31
1873;337;1;250;2028-01-27;2028-02-01
1874;338;2;375;2028-01-28;2028-02-02
1875;339;3;375;2028-01-29;2028-02-03
1876;340;4;625;2028-01-30;2028-02-04
1877;341;5;625;2028-01-31;2028-02-05
1878;342;4;375;2028-02-01;2028-02-06
1879;343;3;375;2028-02-02;2028-02-07
1880;344;2;250;2028-02-03;2028-02-08
1881;345;1;250;2028-02-04;2028-02-09
1882;346;2;375;2028-02-05;2028-02-10
1883;347;3;375;2028-02-06;2028-02-11
1884;348;4;625;2028-02-07;2028-02-12
1885;349;5;625;2028-02-08;2028-02-13
1886;350;4;375;2028-02-09;2028-02-14
1887;351;3;375;2028-02-10;2028-02-15
1888;352;2;250;2028-02-11;2028-02-16
1889;353;1;250;2028-02-12;2028-02-17
1890;354;2;375;2028-02-13;2028-02-18
1891;355;3;375;2028-02-14;2028-02-19
1892;356;4;625;2028-02-15;2028-02-20
1893;357;5;625;2028-02-16;2028-02-21
1894;358;4;375;2028-02-17;2028-02-22
1895;359;3;375;2028-02-18;2028-02-23
1896;360;2;250;2028-02-19;2028-02-24
1897;361;1;250;2028-02-20;2028-02-25
1898;362;2;375;2028-02-21;2028-02-26
1899;363;3;375;2028-02-22;2028-02-27
1900;364;4;625;2028-02-23;2028-02-28
1901;365;5;625;2028-02-24;2028-02-29
1902;366;4;375;2028-02-25;2028-03-01
1903;367;3;375;2028-02-26;2028-03-02
1904;368;2;250;2028-02-27;2028-03-03
1905;369;1;250;2028-02-28;2028-03-04
1906;370;2;375;2028-02-29;2028-03-05
1907;371;3;375;2028-03-01;2028-03-06
1908;372;4;625;2028-03-02;2028-03-07
1909;373;5;625;2028-03-03;2028-03-08
1910;374;4;375;2028-03-04;2028-03-09
1911;375;3;375;2028-03-05;2028-03-10
1912;376;2;250;2028-03-06;2028-03-11
1913;377;1;250;2028-03-07;2028-03-12
1914;378;2;375;2028-03-08;2028-03-13
1915;379;3;375;2028-03-09;2028-03-14
1916;380;4;625;2028-03-10;2028-03-15
1917;381;5;625;2028-03-11;2028-03-16
1918;382;4;375;2028-03-12;2028-03-17
1919;383;3;375;2028-03-13;2028-03-18
1920;384;2;250;2028-03-14;2028-03-19
1921;385;1;250;2028-03-15;2028-03-20
1922;386;2;375;2028-03-16;2028-03-21
1923;387;3;375;2028-03-17;2028-03-22
1924;388;4;625;2028-03-18;2028-03-23
1925;389;5;625;2028-03-19;2028-03-24
1926;390;4;375;2028-03-20;2028-03-25
1927;391;3;375;2028-03-21;2028-03-26
1928;392;2;250;2028-03-22;2028-03-27
1929;393;1;250;2028-03-23;2028-03-28
1930;394;2;375;2028-03-24;2028-03-29
1931;395;3;375;2028-03-25;2028-03-30
1932;396;4;625;2028-03-26;2028-03-31
1933;397;5;625;2028-03-27;2028-04-01
1934;398;4;375;2028-03-28;2028-04-02
1935;399;3;375;2028-03-29;2028-04-03
1936;400;2;250;2028-03-30;2028-04-04
1937;401;1;250;2028-03-31;2028-04-05
1938;402;2;375;2028-04-01;2028-04-06
1939;403;3;375;2028-04-02;2028-04-07
1940;404;4;625;2028-04-03;2028-04-08
1941;405;5;625;2028-04-04;2028-04-09
1942;406;4;375;2028-04-05;2028-04-10
1943;407;3;375;2028-04-06;2028-04-11
1944;408;2;250;2028-04-07;2028-04-12
1945;409;1;250;2028-04-08;2028-04-13
1946;410;2;375;2028-04-09;2028-04-14
1947;411;3;375;2028-04-10;2028-04-15
1948;412;4;625;2028-04-11;2028-04-16
1949;413;5;625;2028-04-12;2028-04-17
1950;414;4;375;2028-04-13;2028-04-18
1951;415;3;375;2028-04-14;2028-04-19
1952;416;2;250;2028-04-15;2028-04-20
1953;417;1;250;2028-04-16;2028-04-21
1954;418;2;375;2028-04-17;2028-04-22
1955;419;3;375;2028-04-18;2028-04-23
1956;420;4;625;2028-04-19;2028-04-24
1957;421;5;625;2028-04-20;2028-04-25
1958;422;4;375;2028-04-21;2028-04-26
1959;423;3;375;2028-04-22;2028-04-27
1960;424;2;250;2028-04-23;2028-04-28
1961;425;1;250;2028-04-24;2028-04-29
1962;426;2;375;2028-04-25;2028-04-30
1963;427;3;375;2028-04-26;2028-05-01
1964;428;4;625;2028-04-27;2028-05-02
1965;429;5;625;2028-04-28;2028-05-03
1966;430;4;375;2028-04-29;2028-05-04
1967;431;3;375;2028-04-30;2028-05-05
1968;432;2;250;2028-05-01;2028-05-06
1969;433;1;250;2028-05-02;2028-05-07
1970;434;2;375;2028-05-03;2028-05-08
1971;435;3;375;2028-05-04;2028-05-09
1972;436;4;625;2028-05-05;2028-05-10
1973;437;5;625;2028-05-06;2028-05-11
1974;438;4;375;2028-05-07;2028-05-12
1975;439;3;375;2028-05-08;2028-05-13
1976;440;2;250;2028-05-09;2028-05-14
1977;441;1;250;2028-05-10;2028-05-15
1978;442;2;375;2028-05-11;2028-05-16
1979;443;3;375;2028-05-12;2028-05-17
1980;444;4;625;2028-05-13;2028-05-18
1981;445;5;625;2028-05-14;2028-05-19
1982;446;4;375;2028-05-15;2028-05-20
1983;447;3;375;2028-05-16;2028-05-21
1984;448;2;250;2028-05-17;2028-05-22
1985;449;1;250;2028-05-18;2028-05-23
1986;450;2;375;2028-05-19;2028-05-24
1987;451;3;375;2028-05-20;2028-05-25
1988;452;4;625;2028-05-21;2028-05-26
1989;453;5;625;2028-05-22;2028-05-27
1990;454;4;375;2028-05-23;2028-05-28
1991;455;3;375;2028-05-24;2028-05-29
1992;456;2;250;2028-05-25;2028-05-30
1993;457;1;250;2028-05-26;2028-05-31
1994;458;2;375;2028-05-27;2028-06-01
1995;459;3;375;2028-05-28;2028-06-02
1996;460;4;625;2028-05-29;2028-06-03
1997;461;5;625;2028-05-30;2028-06-04
1998;462;4;375;2028-05-31;2028-06-05
1999;463;3;375;2028-06-01;2028-06-06
2000;464;2;250;2028-06-02;2028-06-07
2001;465;1;250;2028-06-03;2028-06-08
2002;466;2;375;2028-06-04;2028-06-09
2003;467;3;375;2028-06-05;2028-06-10
2004;468;4;625;2028-06-06;2028-06-11
2005;469;5;625;2028-06-07;2028-06-12
2006;470;4;375;2028-06-08;2028-06-13
2007;471;3;375;2028-06-09;2028-06-14
2008;472;2;250;2028-06-10;2028-06-15
2009;473;1;250;2028-06-11;2028-06-16
2010;474;2;375;2028-06-12;2028-06-17